<?xml version="1.0" encoding="UTF-8"?>
<java version="14.0.1" class="java.beans.XMLDecoder">
 <object class="eg.edu.alexu.csd.oop.email.cs23.demo.Model.UserManagment.User" id="User0">
  <void property="defaultFolders">
   <void method="add">
    <object class="eg.edu.alexu.csd.oop.email.cs23.demo.Model.UserManagment.Folder">
     <void property="name">
      <string>defaultInbox</string>
     </void>
     <void property="path">
      <string>C:\Users\mrrad\IdeaProjects\eg.edu.alexu.csd.oop.email.cs23\users\vo@do\defaultInbox</string>
     </void>
    </object>
   </void>
   <void method="add">
    <object class="eg.edu.alexu.csd.oop.email.cs23.demo.Model.UserManagment.Folder">
     <void property="name">
      <string>priorityInbox</string>
     </void>
     <void property="path">
      <string>C:\Users\mrrad\IdeaProjects\eg.edu.alexu.csd.oop.email.cs23\users\vo@do\priorityInbox</string>
     </void>
    </object>
   </void>
   <void method="add">
    <object class="eg.edu.alexu.csd.oop.email.cs23.demo.Model.UserManagment.Folder">
     <void property="name">
      <string>trash</string>
     </void>
     <void property="path">
      <string>C:\Users\mrrad\IdeaProjects\eg.edu.alexu.csd.oop.email.cs23\users\vo@do\trash</string>
     </void>
    </object>
   </void>
   <void method="add">
    <object class="eg.edu.alexu.csd.oop.email.cs23.demo.Model.UserManagment.Folder">
     <void property="name">
      <string>drafts</string>
     </void>
     <void property="path">
      <string>C:\Users\mrrad\IdeaProjects\eg.edu.alexu.csd.oop.email.cs23\users\vo@do\drafts</string>
     </void>
    </object>
   </void>
   <void method="add">
    <object class="eg.edu.alexu.csd.oop.email.cs23.demo.Model.UserManagment.Folder" id="Folder0">
     <void property="emailsList">
      <void method="add">
       <object class="eg.edu.alexu.csd.oop.email.cs23.demo.Model.EmailManagment.Email">
        <void property="body">
         <string>here is that</string>
        </void>
        <void property="sender">
         <string>vo@do</string>
        </void>
        <void property="subject">
         <string>lest1</string>
        </void>
       </object>
      </void>
      <void method="add">
       <object class="eg.edu.alexu.csd.oop.email.cs23.demo.Model.EmailManagment.Email">
        <void property="body">
         <string>here is that</string>
        </void>
        <void property="id">
         <int>1</int>
        </void>
        <void property="sender">
         <string>vo@do</string>
        </void>
        <void property="subject">
         <string>best2</string>
        </void>
       </object>
      </void>
      <void method="add">
       <object class="eg.edu.alexu.csd.oop.email.cs23.demo.Model.EmailManagment.Email">
        <void property="body">
         <string>here is that</string>
        </void>
        <void property="id">
         <int>2</int>
        </void>
        <void property="sender">
         <string>vo@do</string>
        </void>
        <void property="subject">
         <string>lest3</string>
        </void>
       </object>
      </void>
      <void method="add">
       <object class="eg.edu.alexu.csd.oop.email.cs23.demo.Model.EmailManagment.Email">
        <void property="body">
         <string>here is that</string>
        </void>
        <void property="id">
         <int>3</int>
        </void>
        <void property="sender">
         <string>vo@do</string>
        </void>
        <void property="subject">
         <string>best4</string>
        </void>
       </object>
      </void>
      <void method="add">
       <object class="eg.edu.alexu.csd.oop.email.cs23.demo.Model.EmailManagment.Email">
        <void property="body">
         <string>here is that</string>
        </void>
        <void property="id">
         <int>4</int>
        </void>
        <void property="sender">
         <string>vo@do</string>
        </void>
        <void property="subject">
         <string>lest5</string>
        </void>
       </object>
      </void>
      <void method="add">
       <object class="eg.edu.alexu.csd.oop.email.cs23.demo.Model.EmailManagment.Email">
        <void property="body">
         <string>here is that</string>
        </void>
        <void property="id">
         <int>5</int>
        </void>
        <void property="sender">
         <string>vo@do</string>
        </void>
        <void property="subject">
         <string>best6</string>
        </void>
       </object>
      </void>
      <void method="add">
       <object class="eg.edu.alexu.csd.oop.email.cs23.demo.Model.EmailManagment.Email">
        <void property="body">
         <string>here is that</string>
        </void>
        <void property="id">
         <int>6</int>
        </void>
        <void property="sender">
         <string>vo@do</string>
        </void>
        <void property="subject">
         <string>lest7</string>
        </void>
       </object>
      </void>
      <void method="add">
       <object class="eg.edu.alexu.csd.oop.email.cs23.demo.Model.EmailManagment.Email">
        <void property="body">
         <string>here is that</string>
        </void>
        <void property="id">
         <int>7</int>
        </void>
        <void property="sender">
         <string>vo@do</string>
        </void>
        <void property="subject">
         <string>best8</string>
        </void>
       </object>
      </void>
      <void method="add">
       <object class="eg.edu.alexu.csd.oop.email.cs23.demo.Model.EmailManagment.Email">
        <void property="body">
         <string>here is that</string>
        </void>
        <void property="id">
         <int>8</int>
        </void>
        <void property="sender">
         <string>vo@do</string>
        </void>
        <void property="subject">
         <string>lest9</string>
        </void>
       </object>
      </void>
      <void method="add">
       <object class="eg.edu.alexu.csd.oop.email.cs23.demo.Model.EmailManagment.Email">
        <void property="body">
         <string>here is that</string>
        </void>
        <void property="id">
         <int>9</int>
        </void>
        <void property="sender">
         <string>vo@do</string>
        </void>
        <void property="subject">
         <string>best10</string>
        </void>
       </object>
      </void>
      <void method="add">
       <object class="eg.edu.alexu.csd.oop.email.cs23.demo.Model.EmailManagment.Email">
        <void property="body">
         <string>here is that</string>
        </void>
        <void property="id">
         <int>10</int>
        </void>
        <void property="sender">
         <string>vo@do</string>
        </void>
        <void property="subject">
         <string>lest11</string>
        </void>
       </object>
      </void>
      <void method="add">
       <object class="eg.edu.alexu.csd.oop.email.cs23.demo.Model.EmailManagment.Email">
        <void property="body">
         <string>here is that</string>
        </void>
        <void property="id">
         <int>11</int>
        </void>
        <void property="sender">
         <string>vo@do</string>
        </void>
        <void property="subject">
         <string>best12</string>
        </void>
       </object>
      </void>
      <void method="add">
       <object class="eg.edu.alexu.csd.oop.email.cs23.demo.Model.EmailManagment.Email">
        <void property="body">
         <string>here is that</string>
        </void>
        <void property="sender">
         <string>vo@do</string>
        </void>
        <void property="subject">
         <string>lest1</string>
        </void>
       </object>
      </void>
      <void method="add">
       <object class="eg.edu.alexu.csd.oop.email.cs23.demo.Model.EmailManagment.Email">
        <void property="body">
         <string>here is that</string>
        </void>
        <void property="id">
         <int>1</int>
        </void>
        <void property="sender">
         <string>vo@do</string>
        </void>
        <void property="subject">
         <string>best2</string>
        </void>
       </object>
      </void>
      <void method="add">
       <object class="eg.edu.alexu.csd.oop.email.cs23.demo.Model.EmailManagment.Email">
        <void property="body">
         <string>here is that</string>
        </void>
        <void property="id">
         <int>2</int>
        </void>
        <void property="sender">
         <string>vo@do</string>
        </void>
        <void property="subject">
         <string>lest3</string>
        </void>
       </object>
      </void>
      <void method="add">
       <object class="eg.edu.alexu.csd.oop.email.cs23.demo.Model.EmailManagment.Email">
        <void property="body">
         <string>here is that</string>
        </void>
        <void property="id">
         <int>3</int>
        </void>
        <void property="sender">
         <string>vo@do</string>
        </void>
        <void property="subject">
         <string>best4</string>
        </void>
       </object>
      </void>
      <void method="add">
       <object class="eg.edu.alexu.csd.oop.email.cs23.demo.Model.EmailManagment.Email">
        <void property="body">
         <string>here is that</string>
        </void>
        <void property="id">
         <int>4</int>
        </void>
        <void property="sender">
         <string>vo@do</string>
        </void>
        <void property="subject">
         <string>lest5</string>
        </void>
       </object>
      </void>
      <void method="add">
       <object class="eg.edu.alexu.csd.oop.email.cs23.demo.Model.EmailManagment.Email">
        <void property="body">
         <string>here is that</string>
        </void>
        <void property="id">
         <int>5</int>
        </void>
        <void property="sender">
         <string>vo@do</string>
        </void>
        <void property="subject">
         <string>best6</string>
        </void>
       </object>
      </void>
      <void method="add">
       <object class="eg.edu.alexu.csd.oop.email.cs23.demo.Model.EmailManagment.Email">
        <void property="body">
         <string>here is that</string>
        </void>
        <void property="id">
         <int>6</int>
        </void>
        <void property="sender">
         <string>vo@do</string>
        </void>
        <void property="subject">
         <string>lest7</string>
        </void>
       </object>
      </void>
      <void method="add">
       <object class="eg.edu.alexu.csd.oop.email.cs23.demo.Model.EmailManagment.Email">
        <void property="body">
         <string>here is that</string>
        </void>
        <void property="id">
         <int>7</int>
        </void>
        <void property="sender">
         <string>vo@do</string>
        </void>
        <void property="subject">
         <string>best8</string>
        </void>
       </object>
      </void>
      <void method="add">
       <object class="eg.edu.alexu.csd.oop.email.cs23.demo.Model.EmailManagment.Email">
        <void property="body">
         <string>here is that</string>
        </void>
        <void property="id">
         <int>8</int>
        </void>
        <void property="sender">
         <string>vo@do</string>
        </void>
        <void property="subject">
         <string>lest9</string>
        </void>
       </object>
      </void>
      <void method="add">
       <object class="eg.edu.alexu.csd.oop.email.cs23.demo.Model.EmailManagment.Email">
        <void property="body">
         <string>here is that</string>
        </void>
        <void property="id">
         <int>9</int>
        </void>
        <void property="sender">
         <string>vo@do</string>
        </void>
        <void property="subject">
         <string>best10</string>
        </void>
       </object>
      </void>
      <void method="add">
       <object class="eg.edu.alexu.csd.oop.email.cs23.demo.Model.EmailManagment.Email">
        <void property="body">
         <string>here is that</string>
        </void>
        <void property="id">
         <int>10</int>
        </void>
        <void property="sender">
         <string>vo@do</string>
        </void>
        <void property="subject">
         <string>lest11</string>
        </void>
       </object>
      </void>
      <void method="add">
       <object class="eg.edu.alexu.csd.oop.email.cs23.demo.Model.EmailManagment.Email">
        <void property="body">
         <string>here is that</string>
        </void>
        <void property="id">
         <int>11</int>
        </void>
        <void property="sender">
         <string>vo@do</string>
        </void>
        <void property="subject">
         <string>best12</string>
        </void>
       </object>
      </void>
      <void method="add">
       <object class="eg.edu.alexu.csd.oop.email.cs23.demo.Model.EmailManagment.Email">
        <void property="body">
         <string>here is that</string>
        </void>
        <void property="sender">
         <string>vo@do</string>
        </void>
        <void property="subject">
         <string>lest1</string>
        </void>
       </object>
      </void>
      <void method="add">
       <object class="eg.edu.alexu.csd.oop.email.cs23.demo.Model.EmailManagment.Email">
        <void property="body">
         <string>here is that</string>
        </void>
        <void property="id">
         <int>1</int>
        </void>
        <void property="sender">
         <string>vo@do</string>
        </void>
        <void property="subject">
         <string>best2</string>
        </void>
       </object>
      </void>
      <void method="add">
       <object class="eg.edu.alexu.csd.oop.email.cs23.demo.Model.EmailManagment.Email">
        <void property="body">
         <string>here is that</string>
        </void>
        <void property="id">
         <int>2</int>
        </void>
        <void property="sender">
         <string>vo@do</string>
        </void>
        <void property="subject">
         <string>lest3</string>
        </void>
       </object>
      </void>
      <void method="add">
       <object class="eg.edu.alexu.csd.oop.email.cs23.demo.Model.EmailManagment.Email">
        <void property="body">
         <string>here is that</string>
        </void>
        <void property="id">
         <int>3</int>
        </void>
        <void property="sender">
         <string>vo@do</string>
        </void>
        <void property="subject">
         <string>best4</string>
        </void>
       </object>
      </void>
      <void method="add">
       <object class="eg.edu.alexu.csd.oop.email.cs23.demo.Model.EmailManagment.Email">
        <void property="body">
         <string>here is that</string>
        </void>
        <void property="id">
         <int>4</int>
        </void>
        <void property="sender">
         <string>vo@do</string>
        </void>
        <void property="subject">
         <string>lest5</string>
        </void>
       </object>
      </void>
      <void method="add">
       <object class="eg.edu.alexu.csd.oop.email.cs23.demo.Model.EmailManagment.Email">
        <void property="body">
         <string>here is that</string>
        </void>
        <void property="id">
         <int>5</int>
        </void>
        <void property="sender">
         <string>vo@do</string>
        </void>
        <void property="subject">
         <string>best6</string>
        </void>
       </object>
      </void>
      <void method="add">
       <object class="eg.edu.alexu.csd.oop.email.cs23.demo.Model.EmailManagment.Email">
        <void property="body">
         <string>here is that</string>
        </void>
        <void property="id">
         <int>6</int>
        </void>
        <void property="sender">
         <string>vo@do</string>
        </void>
        <void property="subject">
         <string>lest7</string>
        </void>
       </object>
      </void>
      <void method="add">
       <object class="eg.edu.alexu.csd.oop.email.cs23.demo.Model.EmailManagment.Email">
        <void property="body">
         <string>here is that</string>
        </void>
        <void property="id">
         <int>7</int>
        </void>
        <void property="sender">
         <string>vo@do</string>
        </void>
        <void property="subject">
         <string>best8</string>
        </void>
       </object>
      </void>
      <void method="add">
       <object class="eg.edu.alexu.csd.oop.email.cs23.demo.Model.EmailManagment.Email">
        <void property="body">
         <string>here is that</string>
        </void>
        <void property="id">
         <int>8</int>
        </void>
        <void property="sender">
         <string>vo@do</string>
        </void>
        <void property="subject">
         <string>lest9</string>
        </void>
       </object>
      </void>
      <void method="add">
       <object class="eg.edu.alexu.csd.oop.email.cs23.demo.Model.EmailManagment.Email">
        <void property="body">
         <string>here is that</string>
        </void>
        <void property="id">
         <int>9</int>
        </void>
        <void property="sender">
         <string>vo@do</string>
        </void>
        <void property="subject">
         <string>best10</string>
        </void>
       </object>
      </void>
      <void method="add">
       <object class="eg.edu.alexu.csd.oop.email.cs23.demo.Model.EmailManagment.Email">
        <void property="body">
         <string>here is that</string>
        </void>
        <void property="id">
         <int>10</int>
        </void>
        <void property="sender">
         <string>vo@do</string>
        </void>
        <void property="subject">
         <string>lest11</string>
        </void>
       </object>
      </void>
      <void method="add">
       <object class="eg.edu.alexu.csd.oop.email.cs23.demo.Model.EmailManagment.Email">
        <void property="body">
         <string>here is that</string>
        </void>
        <void property="id">
         <int>11</int>
        </void>
        <void property="sender">
         <string>vo@do</string>
        </void>
        <void property="subject">
         <string>best12</string>
        </void>
       </object>
      </void>
      <void method="add">
       <object class="eg.edu.alexu.csd.oop.email.cs23.demo.Model.EmailManagment.Email">
        <void property="body">
         <string>here is that</string>
        </void>
        <void property="sender">
         <string>vo@do</string>
        </void>
        <void property="subject">
         <string>lest1</string>
        </void>
       </object>
      </void>
      <void method="add">
       <object class="eg.edu.alexu.csd.oop.email.cs23.demo.Model.EmailManagment.Email">
        <void property="body">
         <string>here is that</string>
        </void>
        <void property="id">
         <int>1</int>
        </void>
        <void property="sender">
         <string>vo@do</string>
        </void>
        <void property="subject">
         <string>best2</string>
        </void>
       </object>
      </void>
      <void method="add">
       <object class="eg.edu.alexu.csd.oop.email.cs23.demo.Model.EmailManagment.Email">
        <void property="body">
         <string>here is that</string>
        </void>
        <void property="id">
         <int>2</int>
        </void>
        <void property="sender">
         <string>vo@do</string>
        </void>
        <void property="subject">
         <string>lest3</string>
        </void>
       </object>
      </void>
      <void method="add">
       <object class="eg.edu.alexu.csd.oop.email.cs23.demo.Model.EmailManagment.Email">
        <void property="body">
         <string>here is that</string>
        </void>
        <void property="id">
         <int>3</int>
        </void>
        <void property="sender">
         <string>vo@do</string>
        </void>
        <void property="subject">
         <string>best4</string>
        </void>
       </object>
      </void>
      <void method="add">
       <object class="eg.edu.alexu.csd.oop.email.cs23.demo.Model.EmailManagment.Email">
        <void property="body">
         <string>here is that</string>
        </void>
        <void property="id">
         <int>4</int>
        </void>
        <void property="sender">
         <string>vo@do</string>
        </void>
        <void property="subject">
         <string>lest5</string>
        </void>
       </object>
      </void>
      <void method="add">
       <object class="eg.edu.alexu.csd.oop.email.cs23.demo.Model.EmailManagment.Email">
        <void property="body">
         <string>here is that</string>
        </void>
        <void property="id">
         <int>5</int>
        </void>
        <void property="sender">
         <string>vo@do</string>
        </void>
        <void property="subject">
         <string>best6</string>
        </void>
       </object>
      </void>
      <void method="add">
       <object class="eg.edu.alexu.csd.oop.email.cs23.demo.Model.EmailManagment.Email">
        <void property="body">
         <string>here is that</string>
        </void>
        <void property="id">
         <int>6</int>
        </void>
        <void property="sender">
         <string>vo@do</string>
        </void>
        <void property="subject">
         <string>lest7</string>
        </void>
       </object>
      </void>
      <void method="add">
       <object class="eg.edu.alexu.csd.oop.email.cs23.demo.Model.EmailManagment.Email">
        <void property="body">
         <string>here is that</string>
        </void>
        <void property="id">
         <int>7</int>
        </void>
        <void property="sender">
         <string>vo@do</string>
        </void>
        <void property="subject">
         <string>best8</string>
        </void>
       </object>
      </void>
      <void method="add">
       <object class="eg.edu.alexu.csd.oop.email.cs23.demo.Model.EmailManagment.Email">
        <void property="body">
         <string>here is that</string>
        </void>
        <void property="id">
         <int>8</int>
        </void>
        <void property="sender">
         <string>vo@do</string>
        </void>
        <void property="subject">
         <string>lest9</string>
        </void>
       </object>
      </void>
      <void method="add">
       <object class="eg.edu.alexu.csd.oop.email.cs23.demo.Model.EmailManagment.Email">
        <void property="body">
         <string>here is that</string>
        </void>
        <void property="id">
         <int>9</int>
        </void>
        <void property="sender">
         <string>vo@do</string>
        </void>
        <void property="subject">
         <string>best10</string>
        </void>
       </object>
      </void>
      <void method="add">
       <object class="eg.edu.alexu.csd.oop.email.cs23.demo.Model.EmailManagment.Email">
        <void property="body">
         <string>here is that</string>
        </void>
        <void property="id">
         <int>10</int>
        </void>
        <void property="sender">
         <string>vo@do</string>
        </void>
        <void property="subject">
         <string>lest11</string>
        </void>
       </object>
      </void>
      <void method="add">
       <object class="eg.edu.alexu.csd.oop.email.cs23.demo.Model.EmailManagment.Email">
        <void property="body">
         <string>here is that</string>
        </void>
        <void property="id">
         <int>11</int>
        </void>
        <void property="sender">
         <string>vo@do</string>
        </void>
        <void property="subject">
         <string>best12</string>
        </void>
       </object>
      </void>
      <void method="add">
       <object class="eg.edu.alexu.csd.oop.email.cs23.demo.Model.EmailManagment.Email">
        <void property="body">
         <string>here is that</string>
        </void>
        <void property="sender">
         <string>vo@do</string>
        </void>
        <void property="subject">
         <string>lest1</string>
        </void>
       </object>
      </void>
      <void method="add">
       <object class="eg.edu.alexu.csd.oop.email.cs23.demo.Model.EmailManagment.Email">
        <void property="body">
         <string>here is that</string>
        </void>
        <void property="id">
         <int>1</int>
        </void>
        <void property="sender">
         <string>vo@do</string>
        </void>
        <void property="subject">
         <string>best2</string>
        </void>
       </object>
      </void>
      <void method="add">
       <object class="eg.edu.alexu.csd.oop.email.cs23.demo.Model.EmailManagment.Email">
        <void property="body">
         <string>here is that</string>
        </void>
        <void property="id">
         <int>2</int>
        </void>
        <void property="sender">
         <string>vo@do</string>
        </void>
        <void property="subject">
         <string>lest3</string>
        </void>
       </object>
      </void>
      <void method="add">
       <object class="eg.edu.alexu.csd.oop.email.cs23.demo.Model.EmailManagment.Email">
        <void property="body">
         <string>here is that</string>
        </void>
        <void property="id">
         <int>3</int>
        </void>
        <void property="sender">
         <string>vo@do</string>
        </void>
        <void property="subject">
         <string>best4</string>
        </void>
       </object>
      </void>
      <void method="add">
       <object class="eg.edu.alexu.csd.oop.email.cs23.demo.Model.EmailManagment.Email">
        <void property="body">
         <string>here is that</string>
        </void>
        <void property="id">
         <int>4</int>
        </void>
        <void property="sender">
         <string>vo@do</string>
        </void>
        <void property="subject">
         <string>lest5</string>
        </void>
       </object>
      </void>
      <void method="add">
       <object class="eg.edu.alexu.csd.oop.email.cs23.demo.Model.EmailManagment.Email">
        <void property="body">
         <string>here is that</string>
        </void>
        <void property="id">
         <int>5</int>
        </void>
        <void property="sender">
         <string>vo@do</string>
        </void>
        <void property="subject">
         <string>best6</string>
        </void>
       </object>
      </void>
      <void method="add">
       <object class="eg.edu.alexu.csd.oop.email.cs23.demo.Model.EmailManagment.Email">
        <void property="body">
         <string>here is that</string>
        </void>
        <void property="id">
         <int>6</int>
        </void>
        <void property="sender">
         <string>vo@do</string>
        </void>
        <void property="subject">
         <string>lest7</string>
        </void>
       </object>
      </void>
      <void method="add">
       <object class="eg.edu.alexu.csd.oop.email.cs23.demo.Model.EmailManagment.Email">
        <void property="body">
         <string>here is that</string>
        </void>
        <void property="id">
         <int>7</int>
        </void>
        <void property="sender">
         <string>vo@do</string>
        </void>
        <void property="subject">
         <string>best8</string>
        </void>
       </object>
      </void>
      <void method="add">
       <object class="eg.edu.alexu.csd.oop.email.cs23.demo.Model.EmailManagment.Email">
        <void property="body">
         <string>here is that</string>
        </void>
        <void property="id">
         <int>8</int>
        </void>
        <void property="sender">
         <string>vo@do</string>
        </void>
        <void property="subject">
         <string>lest9</string>
        </void>
       </object>
      </void>
      <void method="add">
       <object class="eg.edu.alexu.csd.oop.email.cs23.demo.Model.EmailManagment.Email">
        <void property="body">
         <string>here is that</string>
        </void>
        <void property="id">
         <int>9</int>
        </void>
        <void property="sender">
         <string>vo@do</string>
        </void>
        <void property="subject">
         <string>best10</string>
        </void>
       </object>
      </void>
      <void method="add">
       <object class="eg.edu.alexu.csd.oop.email.cs23.demo.Model.EmailManagment.Email">
        <void property="body">
         <string>here is that</string>
        </void>
        <void property="id">
         <int>10</int>
        </void>
        <void property="sender">
         <string>vo@do</string>
        </void>
        <void property="subject">
         <string>lest11</string>
        </void>
       </object>
      </void>
      <void method="add">
       <object class="eg.edu.alexu.csd.oop.email.cs23.demo.Model.EmailManagment.Email">
        <void property="body">
         <string>here is that</string>
        </void>
        <void property="id">
         <int>11</int>
        </void>
        <void property="sender">
         <string>vo@do</string>
        </void>
        <void property="subject">
         <string>best12</string>
        </void>
       </object>
      </void>
     </void>
     <void property="name">
      <string>sentEmails</string>
     </void>
     <void property="path">
      <string>C:\Users\mrrad\IdeaProjects\eg.edu.alexu.csd.oop.email.cs23\users\vo@do\sentEmails</string>
     </void>
    </object>
   </void>
  </void>
  <void property="emailAddress">
   <string>vo@do</string>
  </void>
  <void property="passWord">
   <string>65</string>
  </void>
  <void property="userName">
   <string>Mohamed</string>
  </void>
 </object>
</java>
