<?xml version="1.0" encoding="UTF-8"?>
<java version="14.0.2" class="java.beans.XMLDecoder">
 <object class="java.util.ArrayList">
  <void method="add">
   <object class="eg.edu.alexu.csd.oop.email.cs23.demo.Model.EmailManagment.Email" id="Email0">
    <void property="body">
     <string>welcome again bitch</string>
    </void>
    <void property="id">
     <int>10453126</int>
    </void>
    <void property="recievers">
     <void method="add">
      <string>mostafa@gmail.com</string>
     </void>
    </void>
    <void property="sender">
     <string>radwan@gmail.com</string>
    </void>
    <void property="subject">
     <string>welcome in our project fuker</string>
    </void>
   </object>
  </void>
 </object>
</java>
