<?xml version="1.0" encoding="UTF-8"?>
<java version="14.0.2" class="java.beans.XMLDecoder">
 <object class="eg.edu.alexu.csd.oop.email.cs23.demo.Model.UserManagment.User" id="User0">
  <void property="contacts">
   <void method="add">
    <object class="eg.edu.alexu.csd.oop.email.cs23.demo.Model.UserManagment.Contact" id="Contact0">
     <void property="emailAddresses">
      <void method="add">
       <string>radwan@gmail.com</string>
      </void>
     </void>
     <void property="name">
      <string>mostafa ahmed</string>
     </void>
    </object>
   </void>
  </void>
  <void property="defaultFolders">
   <void method="add">
    <object class="eg.edu.alexu.csd.oop.email.cs23.demo.Model.UserManagment.Folder" id="Folder0">
     <void property="emailsList">
      <void method="add">
       <object class="eg.edu.alexu.csd.oop.email.cs23.demo.Model.EmailManagment.Email" id="Email0">
        <void property="body">
         <string>fdsfss</string>
        </void>
        <void property="id">
         <int>21097520</int>
        </void>
        <void property="recievers">
         <void method="add">
          <string>mohamed@gmail.com</string>
         </void>
        </void>
        <void property="sender">
         <string>mostafa@gmail.com</string>
        </void>
        <void property="subject">
         <string>fdsfd</string>
        </void>
       </object>
      </void>
      <void method="add">
       <object class="eg.edu.alexu.csd.oop.email.cs23.demo.Model.EmailManagment.Email" id="Email1">
        <void property="body">
         <string></string>
        </void>
        <void property="id">
         <int>43299440</int>
        </void>
        <void property="recievers">
         <void method="add">
          <string>mohamed@gmail.com</string>
         </void>
        </void>
        <void property="sender">
         <string>mostafa@gmail.com</string>
        </void>
        <void property="subject">
         <string></string>
        </void>
       </object>
      </void>
      <void method="add">
       <object class="eg.edu.alexu.csd.oop.email.cs23.demo.Model.EmailManagment.Email" id="Email2">
        <void property="body">
         <string>coco1</string>
        </void>
        <void property="id">
         <int>44561858</int>
        </void>
        <void property="recievers">
         <void method="add">
          <string>mohamed@gmail.com</string>
         </void>
        </void>
        <void property="sender">
         <string>mostafa@gmail.com</string>
        </void>
        <void property="subject">
         <string>coco1</string>
        </void>
       </object>
      </void>
      <void method="add">
       <object class="eg.edu.alexu.csd.oop.email.cs23.demo.Model.EmailManagment.Email" id="Email3">
        <void property="body">
         <string>coco1</string>
        </void>
        <void property="id">
         <int>56255404</int>
        </void>
        <void property="recievers">
         <void method="add">
          <string>mohamed@gmail.com</string>
         </void>
        </void>
        <void property="sender">
         <string>mostafa@gmail.com</string>
        </void>
        <void property="subject">
         <string>coco1</string>
        </void>
       </object>
      </void>
      <void method="add">
       <object class="eg.edu.alexu.csd.oop.email.cs23.demo.Model.EmailManagment.Email" id="Email4">
        <void property="body">
         <string>coco1</string>
        </void>
        <void property="id">
         <int>75826106</int>
        </void>
        <void property="recievers">
         <void method="add">
          <string>mohamed@gmail.com</string>
         </void>
        </void>
        <void property="sender">
         <string>mostafa@gmail.com</string>
        </void>
        <void property="subject">
         <string>coco1</string>
        </void>
       </object>
      </void>
      <void method="add">
       <object class="eg.edu.alexu.csd.oop.email.cs23.demo.Model.EmailManagment.Email" id="Email5">
        <void property="body">
         <string>coco1</string>
        </void>
        <void property="id">
         <int>70168821</int>
        </void>
        <void property="recievers">
         <void method="add">
          <string>mohamed@gmail.com</string>
         </void>
        </void>
        <void property="sender">
         <string>mostafa@gmail.com</string>
        </void>
        <void property="subject">
         <string>coco1</string>
        </void>
       </object>
      </void>
      <void method="add">
       <object class="eg.edu.alexu.csd.oop.email.cs23.demo.Model.EmailManagment.Email" id="Email6">
        <void property="body">
         <string>coco1</string>
        </void>
        <void property="id">
         <int>12395419</int>
        </void>
        <void property="recievers">
         <void method="add">
          <string>mohamed@gmail.com</string>
         </void>
        </void>
        <void property="sender">
         <string>mostafa@gmail.com</string>
        </void>
        <void property="subject">
         <string>coco1</string>
        </void>
       </object>
      </void>
      <void method="add">
       <object class="eg.edu.alexu.csd.oop.email.cs23.demo.Model.EmailManagment.Email" id="Email7">
        <void property="body">
         <string>coco1</string>
        </void>
        <void property="id">
         <int>37709280</int>
        </void>
        <void property="recievers">
         <void method="add">
          <string>mohamed@gmail.com</string>
         </void>
        </void>
        <void property="sender">
         <string>mostafa@gmail.com</string>
        </void>
        <void property="subject">
         <string>coco1</string>
        </void>
       </object>
      </void>
      <void method="add">
       <object class="eg.edu.alexu.csd.oop.email.cs23.demo.Model.EmailManagment.Email" id="Email8">
        <void property="body">
         <string>coco1</string>
        </void>
        <void property="id">
         <int>21294964</int>
        </void>
        <void property="recievers">
         <void method="add">
          <string>mohamed@gmail.com</string>
         </void>
        </void>
        <void property="sender">
         <string>mostafa@gmail.com</string>
        </void>
        <void property="subject">
         <string>coco1</string>
        </void>
       </object>
      </void>
      <void method="add">
       <object class="eg.edu.alexu.csd.oop.email.cs23.demo.Model.EmailManagment.Email" id="Email9">
        <void property="body">
         <string>coco1</string>
        </void>
        <void property="id">
         <int>86185311</int>
        </void>
        <void property="recievers">
         <void method="add">
          <string>mohamed@gmail.com</string>
         </void>
        </void>
        <void property="sender">
         <string>mostafa@gmail.com</string>
        </void>
        <void property="subject">
         <string>coco1</string>
        </void>
       </object>
      </void>
      <void method="add">
       <object class="eg.edu.alexu.csd.oop.email.cs23.demo.Model.EmailManagment.Email" id="Email10">
        <void property="body">
         <string>coco1</string>
        </void>
        <void property="id">
         <int>25697256</int>
        </void>
        <void property="recievers">
         <void method="add">
          <string>mohamed@gmail.com</string>
         </void>
        </void>
        <void property="sender">
         <string>mostafa@gmail.com</string>
        </void>
        <void property="subject">
         <string>coco1</string>
        </void>
       </object>
      </void>
      <void method="add">
       <object class="eg.edu.alexu.csd.oop.email.cs23.demo.Model.EmailManagment.Email" id="Email11">
        <void property="body">
         <string>coco1</string>
        </void>
        <void property="id">
         <int>25900577</int>
        </void>
        <void property="recievers">
         <void method="add">
          <string>mohamed@gmail.com</string>
         </void>
        </void>
        <void property="sender">
         <string>mostafa@gmail.com</string>
        </void>
        <void property="subject">
         <string>coco1</string>
        </void>
       </object>
      </void>
     </void>
     <void property="name">
      <string>defaultInbox</string>
     </void>
     <void property="path">
      <string>D:\CSED23\year_two_1st term\programming_2\assignments\EmailServer\project steps\MailServer-main\eg.edu.alexu.csd.oop.email.cs231\users\mohamed@gmail.com\defaultInbox</string>
     </void>
    </object>
   </void>
   <void method="add">
    <object class="eg.edu.alexu.csd.oop.email.cs23.demo.Model.UserManagment.Folder">
     <void property="name">
      <string>priorityInbox</string>
     </void>
     <void property="path">
      <string>D:\CSED23\year_two_1st term\programming_2\assignments\EmailServer\project steps\MailServer-main\eg.edu.alexu.csd.oop.email.cs231\users\mohamed@gmail.com\priorityInbox</string>
     </void>
    </object>
   </void>
   <void method="add">
    <object class="eg.edu.alexu.csd.oop.email.cs23.demo.Model.UserManagment.Folder">
     <void property="name">
      <string>trash</string>
     </void>
     <void property="path">
      <string>D:\CSED23\year_two_1st term\programming_2\assignments\EmailServer\project steps\MailServer-main\eg.edu.alexu.csd.oop.email.cs231\users\mohamed@gmail.com\trash</string>
     </void>
    </object>
   </void>
   <void method="add">
    <object class="eg.edu.alexu.csd.oop.email.cs23.demo.Model.UserManagment.Folder" id="Folder1">
     <void property="emailsList">
      <void method="add">
       <object class="eg.edu.alexu.csd.oop.email.cs23.demo.Model.EmailManagment.Email" id="Email12">
        <void property="body">
         <string>مش عايز قلق هنا</string>
        </void>
        <void property="date">
         <string>01/21/2013 @03:13 PM</string>
        </void>
        <void property="importance">
         <object class="java.lang.Enum" id="Importance0" method="valueOf">
          <class>eg.edu.alexu.csd.oop.email.cs23.demo.Model.EmailManagment.Importance</class>
          <string>veryImportant</string>
         </object>
        </void>
        <void property="recievers">
         <void method="add">
          <string>radwan@gmail.com</string>
         </void>
         <void method="add">
          <string>kamal@gmail.com</string>
         </void>
         <void method="add">
          <string>may@dgmail.com</string>
         </void>
        </void>
        <void property="sender">
         <string>mohamed@gmail.com</string>
        </void>
        <void property="subject">
         <string>hello man</string>
        </void>
       </object>
      </void>
      <void method="add">
       <object class="eg.edu.alexu.csd.oop.email.cs23.demo.Model.EmailManagment.Email" id="Email13">
        <void property="body">
         <string>مش عايز قلق هنا</string>
        </void>
        <void property="date">
         <string>01/21/2013 @03:13 PM</string>
        </void>
        <void property="importance">
         <object idref="Importance0"/>
        </void>
        <void property="recievers">
         <void method="add">
          <string>radwan@gmail.com</string>
         </void>
         <void method="add">
          <string>kamal@gmail.com</string>
         </void>
         <void method="add">
          <string>may@dgmail.com</string>
         </void>
        </void>
        <void property="sender">
         <string>mohamed@gmail.com</string>
        </void>
        <void property="subject">
         <string>hello man</string>
        </void>
       </object>
      </void>
      <void method="add">
       <object class="eg.edu.alexu.csd.oop.email.cs23.demo.Model.EmailManagment.Email" id="Email14">
        <void property="body">
         <string>مش عايز قلق هنا</string>
        </void>
        <void property="date">
         <string>01/21/203 @03:13 PM</string>
        </void>
        <void property="importance">
         <object idref="Importance0"/>
        </void>
        <void property="recievers">
         <void method="add">
          <string>radwan@gmail.com</string>
         </void>
         <void method="add">
          <string>kamal@gmail.com</string>
         </void>
         <void method="add">
          <string>may@dgmail.com</string>
         </void>
        </void>
        <void property="sender">
         <string>mohamed@gmail.com</string>
        </void>
        <void property="subject">
         <string>hello man</string>
        </void>
       </object>
      </void>
      <void method="add">
       <object class="eg.edu.alexu.csd.oop.email.cs23.demo.Model.EmailManagment.Email" id="Email15">
        <void property="body">
         <string>مش عايز قلق هنا</string>
        </void>
        <void property="id">
         <int>24972315</int>
        </void>
        <void property="importance">
         <object idref="Importance0"/>
        </void>
        <void property="recievers">
         <void method="add">
          <string>radwan@gmail.com</string>
         </void>
         <void method="add">
          <string>kamal@gmail.com</string>
         </void>
         <void method="add">
          <string>may@dgmail.com</string>
         </void>
        </void>
        <void property="sender">
         <string>mohamed@gmail.com</string>
        </void>
        <void property="subject">
         <string>hello man</string>
        </void>
       </object>
      </void>
      <void method="add">
       <object class="eg.edu.alexu.csd.oop.email.cs23.demo.Model.EmailManagment.Email" id="Email16">
        <void property="body">
         <string>مش عايز قلق هنا</string>
        </void>
        <void property="id">
         <int>65029401</int>
        </void>
        <void property="importance">
         <object idref="Importance0"/>
        </void>
        <void property="recievers">
         <void method="add">
          <string>radwan@gmail.com</string>
         </void>
         <void method="add">
          <string>kamal@gmail.com</string>
         </void>
         <void method="add">
          <string>may@dgmail.com</string>
         </void>
        </void>
        <void property="sender">
         <string>mohamed@gmail.com</string>
        </void>
        <void property="subject">
         <string>hello man</string>
        </void>
       </object>
      </void>
      <void method="add">
       <object class="eg.edu.alexu.csd.oop.email.cs23.demo.Model.EmailManagment.Email" id="Email17">
        <void property="body">
         <string>مش عايز قلق هنا</string>
        </void>
        <void property="id">
         <int>65029401</int>
        </void>
        <void property="importance">
         <object idref="Importance0"/>
        </void>
        <void property="recievers">
         <void method="add">
          <string>radwan@gmail.com</string>
         </void>
         <void method="add">
          <string>kamal@gmail.com</string>
         </void>
         <void method="add">
          <string>may@dgmail.com</string>
         </void>
        </void>
        <void property="sender">
         <string>mohamed@gmail.com</string>
        </void>
        <void property="subject">
         <string>hello man</string>
        </void>
       </object>
      </void>
      <void method="add">
       <object class="eg.edu.alexu.csd.oop.email.cs23.demo.Model.EmailManagment.Email" id="Email18">
        <void property="body">
         <string>مش عايز قلق هنا</string>
        </void>
        <void property="id">
         <int>51970561</int>
        </void>
        <void property="importance">
         <object idref="Importance0"/>
        </void>
        <void property="recievers">
         <void method="add">
          <string>radwan@gmail.com</string>
         </void>
         <void method="add">
          <string>kamal@gmail.com</string>
         </void>
         <void method="add">
          <string>may@dgmail.com</string>
         </void>
        </void>
        <void property="sender">
         <string>mohamed@gmail.com</string>
        </void>
        <void property="subject">
         <string>hello man</string>
        </void>
       </object>
      </void>
      <void method="add">
       <object class="eg.edu.alexu.csd.oop.email.cs23.demo.Model.EmailManagment.Email" id="Email19">
        <void property="body">
         <string>مش عايز قلق هنا</string>
        </void>
        <void property="id">
         <int>31068413</int>
        </void>
        <void property="importance">
         <object idref="Importance0"/>
        </void>
        <void property="recievers">
         <void method="add">
          <string>radwan@gmail.com</string>
         </void>
         <void method="add">
          <string>kamal@gmail.com</string>
         </void>
         <void method="add">
          <string>may@dgmail.com</string>
         </void>
        </void>
        <void property="sender">
         <string>mohamed@gmail.com</string>
        </void>
        <void property="subject">
         <string>hello man</string>
        </void>
       </object>
      </void>
      <void method="add">
       <object class="eg.edu.alexu.csd.oop.email.cs23.demo.Model.EmailManagment.Email" id="Email20">
        <void property="body">
         <string>مش عايز قلق هنا</string>
        </void>
        <void property="id">
         <int>31068413</int>
        </void>
        <void property="importance">
         <object idref="Importance0"/>
        </void>
        <void property="recievers">
         <void method="add">
          <string>radwan@gmail.com</string>
         </void>
         <void method="add">
          <string>kamal@gmail.com</string>
         </void>
         <void method="add">
          <string>may@dgmail.com</string>
         </void>
        </void>
        <void property="sender">
         <string>mohamed@gmail.com</string>
        </void>
        <void property="subject">
         <string>hello man</string>
        </void>
       </object>
      </void>
      <void method="add">
       <object class="eg.edu.alexu.csd.oop.email.cs23.demo.Model.EmailManagment.Email" id="Email21">
        <void property="body">
         <string>mom</string>
        </void>
        <void property="recievers">
         <void method="add">
          <string>kmlkm</string>
         </void>
        </void>
        <void property="seen">
         <boolean>true</boolean>
        </void>
        <void property="subject">
         <string>komm</string>
        </void>
       </object>
      </void>
      <void method="add">
       <object class="eg.edu.alexu.csd.oop.email.cs23.demo.Model.EmailManagment.Email" id="Email22">
        <void property="body">
         <string>مش عايز قلق هنا</string>
        </void>
        <void property="id">
         <int>35811302</int>
        </void>
        <void property="importance">
         <object idref="Importance0"/>
        </void>
        <void property="recievers">
         <void method="add">
          <string>radwan@gmail.com</string>
         </void>
         <void method="add">
          <string>kamal@gmail.com</string>
         </void>
         <void method="add">
          <string>may@dgmail.com</string>
         </void>
        </void>
        <void property="sender">
         <string>mohamed@gmail.com</string>
        </void>
        <void property="subject">
         <string>hello man</string>
        </void>
       </object>
      </void>
      <void method="add">
       <object class="eg.edu.alexu.csd.oop.email.cs23.demo.Model.EmailManagment.Email" id="Email23">
        <void property="body">
         <string>مش عايز قلق هنا</string>
        </void>
        <void property="id">
         <int>87139234</int>
        </void>
        <void property="importance">
         <object idref="Importance0"/>
        </void>
        <void property="recievers">
         <void method="add">
          <string>radwan@gmail.com</string>
         </void>
         <void method="add">
          <string>kamal@gmail.com</string>
         </void>
         <void method="add">
          <string>may@dgmail.com</string>
         </void>
        </void>
        <void property="sender">
         <string>mohamed@gmail.com</string>
        </void>
        <void property="subject">
         <string>hello man</string>
        </void>
       </object>
      </void>
      <void method="add">
       <object class="eg.edu.alexu.csd.oop.email.cs23.demo.Model.EmailManagment.Email" id="Email24">
        <void property="body">
         <string>مش عايز قلق هنا</string>
        </void>
        <void property="id">
         <int>87139234</int>
        </void>
        <void property="importance">
         <object idref="Importance0"/>
        </void>
        <void property="recievers">
         <void method="add">
          <string>radwan@gmail.com</string>
         </void>
         <void method="add">
          <string>kamal@gmail.com</string>
         </void>
         <void method="add">
          <string>may@dgmail.com</string>
         </void>
        </void>
        <void property="sender">
         <string>mohamed@gmail.com</string>
        </void>
        <void property="subject">
         <string>hello man</string>
        </void>
       </object>
      </void>
      <void method="add">
       <object class="eg.edu.alexu.csd.oop.email.cs23.demo.Model.EmailManagment.Email" id="Email25">
        <void property="body">
         <string>مش عايز قلق هنا</string>
        </void>
        <void property="id">
         <int>83881914</int>
        </void>
        <void property="importance">
         <object idref="Importance0"/>
        </void>
        <void property="recievers">
         <void method="add">
          <string>radwan@gmail.com</string>
         </void>
         <void method="add">
          <string>kamal@gmail.com</string>
         </void>
         <void method="add">
          <string>may@dgmail.com</string>
         </void>
        </void>
        <void property="sender">
         <string>mohamed@gmail.com</string>
        </void>
        <void property="subject">
         <string>hello man</string>
        </void>
       </object>
      </void>
      <void method="add">
       <object class="eg.edu.alexu.csd.oop.email.cs23.demo.Model.EmailManagment.Email" id="Email26">
        <void property="body">
         <string>مش عايز قلق هنا</string>
        </void>
        <void property="id">
         <int>57954785</int>
        </void>
        <void property="importance">
         <object idref="Importance0"/>
        </void>
        <void property="recievers">
         <void method="add">
          <string>radwan@gmail.com</string>
         </void>
         <void method="add">
          <string>kamal@gmail.com</string>
         </void>
         <void method="add">
          <string>may@dgmail.com</string>
         </void>
        </void>
        <void property="sender">
         <string>mohamed@gmail.com</string>
        </void>
        <void property="subject">
         <string>hello man</string>
        </void>
       </object>
      </void>
      <void method="add">
       <object class="eg.edu.alexu.csd.oop.email.cs23.demo.Model.EmailManagment.Email" id="Email27">
        <void property="body">
         <string>مش عايز قلق هنا</string>
        </void>
        <void property="id">
         <int>57954785</int>
        </void>
        <void property="importance">
         <object idref="Importance0"/>
        </void>
        <void property="recievers">
         <void method="add">
          <string>radwan@gmail.com</string>
         </void>
         <void method="add">
          <string>kamal@gmail.com</string>
         </void>
         <void method="add">
          <string>may@dgmail.com</string>
         </void>
        </void>
        <void property="sender">
         <string>mohamed@gmail.com</string>
        </void>
        <void property="subject">
         <string>hello man</string>
        </void>
       </object>
      </void>
      <void method="add">
       <object class="eg.edu.alexu.csd.oop.email.cs23.demo.Model.EmailManagment.Email" id="Email28">
        <void property="body">
         <string>gfdgdgfdg</string>
        </void>
        <void property="recievers">
         <void method="add">
          <string>mohamed@gmail.6565com</string>
         </void>
        </void>
        <void property="seen">
         <boolean>true</boolean>
        </void>
        <void property="sender">
         <string>mohamed@gmail.com</string>
        </void>
        <void property="subject">
         <string>dfgsfdgfdg</string>
        </void>
       </object>
      </void>
     </void>
     <void property="name">
      <string>drafts</string>
     </void>
     <void property="path">
      <string>D:\CSED23\year_two_1st term\programming_2\assignments\EmailServer\project steps\MailServer-main\eg.edu.alexu.csd.oop.email.cs231\users\mohamed@gmail.com\drafts</string>
     </void>
    </object>
   </void>
   <void method="add">
    <object class="eg.edu.alexu.csd.oop.email.cs23.demo.Model.UserManagment.Folder" id="Folder2">
     <void property="emailsList">
      <void method="add">
       <object class="eg.edu.alexu.csd.oop.email.cs23.demo.Model.EmailManagment.Email" id="Email29">
        <void property="body">
         <string>مش عايز قلق هنا</string>
        </void>
        <void property="date">
         <string>01/21/2013 @03:13 PM</string>
        </void>
        <void property="id">
         <int>27337301</int>
        </void>
        <void property="recievers">
         <void method="add">
          <string>radwan@gmail.com</string>
         </void>
        </void>
        <void property="sender">
         <string>mohamed@gmail.com</string>
        </void>
        <void property="subject">
         <string>hello man</string>
        </void>
       </object>
      </void>
      <void method="add">
       <object class="eg.edu.alexu.csd.oop.email.cs23.demo.Model.EmailManagment.Email" id="Email30">
        <void property="body">
         <string>مش عايز قلق هنا</string>
        </void>
        <void property="date">
         <string>01/21/2013 @03:13 PM</string>
        </void>
        <void property="id">
         <int>77149405</int>
        </void>
        <void property="recievers">
         <void method="add">
          <string>radwan@gmail.com</string>
         </void>
         <void method="add">
          <string>kamal@gmail.com</string>
         </void>
        </void>
        <void property="sender">
         <string>mohamed@gmail.com</string>
        </void>
        <void property="subject">
         <string>hello man</string>
        </void>
       </object>
      </void>
      <void method="add">
       <object class="eg.edu.alexu.csd.oop.email.cs23.demo.Model.EmailManagment.Email" id="Email31">
        <void property="body">
         <string>مش عايز قلق هنا</string>
        </void>
        <void property="date">
         <string>01/21/2013 @03:13 PM</string>
        </void>
        <void property="id">
         <int>16718348</int>
        </void>
        <void property="recievers">
         <void method="add">
          <string>radwan@gmail.com</string>
         </void>
         <void method="add">
          <string>kamal@gmail.com</string>
         </void>
         <void method="add">
          <string>may@gmail.com</string>
         </void>
        </void>
        <void property="sender">
         <string>mohamed@gmail.com</string>
        </void>
        <void property="subject">
         <string>hello man</string>
        </void>
       </object>
      </void>
      <void method="add">
       <object class="eg.edu.alexu.csd.oop.email.cs23.demo.Model.EmailManagment.Email" id="Email32">
        <void property="body">
         <string>مش عايز قلق هنا</string>
        </void>
        <void property="date">
         <string>01/21/2013 @03:13 PM</string>
        </void>
        <void property="id">
         <int>5894270</int>
        </void>
        <void property="recievers">
         <void method="add">
          <string>radwan@gmail.com</string>
         </void>
        </void>
        <void property="sender">
         <string>mohamed@gmail.com</string>
        </void>
        <void property="subject">
         <string>hello man</string>
        </void>
       </object>
      </void>
      <void method="add">
       <object class="eg.edu.alexu.csd.oop.email.cs23.demo.Model.EmailManagment.Email" id="Email33">
        <void property="body">
         <string>مش عايز قلق هنا</string>
        </void>
        <void property="date">
         <string>01/21/2013 @03:13 PM</string>
        </void>
        <void property="id">
         <int>31061080</int>
        </void>
        <void property="recievers">
         <void method="add">
          <string>radwan@gmail.com</string>
         </void>
         <void method="add">
          <string>kamal@gmail.com</string>
         </void>
        </void>
        <void property="sender">
         <string>mohamed@gmail.com</string>
        </void>
        <void property="subject">
         <string>hello man</string>
        </void>
       </object>
      </void>
      <void method="add">
       <object class="eg.edu.alexu.csd.oop.email.cs23.demo.Model.EmailManagment.Email" id="Email34">
        <void property="body">
         <string>مش عايز قلق هنا</string>
        </void>
        <void property="date">
         <string>01/21/2013 @03:13 PM</string>
        </void>
        <void property="id">
         <int>39875040</int>
        </void>
        <void property="recievers">
         <void method="add">
          <string>radwan@gmail.com</string>
         </void>
         <void method="add">
          <string>kamal@gmail.com</string>
         </void>
         <void method="add">
          <string>may@gmail.com</string>
         </void>
        </void>
        <void property="sender">
         <string>mohamed@gmail.com</string>
        </void>
        <void property="subject">
         <string>hello man</string>
        </void>
       </object>
      </void>
      <void method="add">
       <object class="eg.edu.alexu.csd.oop.email.cs23.demo.Model.EmailManagment.Email" id="Email35">
        <void property="body">
         <string>مش عايز قلق هنا</string>
        </void>
        <void property="date">
         <string>01/21/2013 @03:13 PM</string>
        </void>
        <void property="id">
         <int>66785136</int>
        </void>
        <void property="recievers">
         <void method="add">
          <string>radwan@gmail.com</string>
         </void>
        </void>
        <void property="sender">
         <string>mohamed@gmail.com</string>
        </void>
        <void property="subject">
         <string>hello man</string>
        </void>
       </object>
      </void>
      <void method="add">
       <object class="eg.edu.alexu.csd.oop.email.cs23.demo.Model.EmailManagment.Email" id="Email36">
        <void property="body">
         <string>مش عايز قلق هنا</string>
        </void>
        <void property="date">
         <string>01/21/2013 @03:13 PM</string>
        </void>
        <void property="id">
         <int>6927493</int>
        </void>
        <void property="recievers">
         <void method="add">
          <string>radwan@gmail.com</string>
         </void>
         <void method="add">
          <string>kamal@gmail.com</string>
         </void>
        </void>
        <void property="sender">
         <string>mohamed@gmail.com</string>
        </void>
        <void property="subject">
         <string>hello man</string>
        </void>
       </object>
      </void>
      <void method="add">
       <object class="eg.edu.alexu.csd.oop.email.cs23.demo.Model.EmailManagment.Email" id="Email37">
        <void property="body">
         <string>مش عايز قلق هنا</string>
        </void>
        <void property="date">
         <string>01/21/2013 @03:13 PM</string>
        </void>
        <void property="id">
         <int>66795763</int>
        </void>
        <void property="recievers">
         <void method="add">
          <string>radwan@gmail.com</string>
         </void>
         <void method="add">
          <string>kamal@gmail.com</string>
         </void>
         <void method="add">
          <string>may@gmail.com</string>
         </void>
        </void>
        <void property="sender">
         <string>mohamed@gmail.com</string>
        </void>
        <void property="subject">
         <string>hello man</string>
        </void>
       </object>
      </void>
      <void method="add">
       <object class="eg.edu.alexu.csd.oop.email.cs23.demo.Model.EmailManagment.Email" id="Email38">
        <void property="body">
         <string>مش عايز قلق هنا</string>
        </void>
        <void property="date">
         <string>01/21/2013 @03:13 PM</string>
        </void>
        <void property="id">
         <int>92031507</int>
        </void>
        <void property="recievers">
         <void method="add">
          <string>radwan@gmail.com</string>
         </void>
        </void>
        <void property="sender">
         <string>mohamed@gmail.com</string>
        </void>
        <void property="subject">
         <string>hello man</string>
        </void>
       </object>
      </void>
      <void method="add">
       <object class="eg.edu.alexu.csd.oop.email.cs23.demo.Model.EmailManagment.Email" id="Email39">
        <void property="body">
         <string>مش عايز قلق هنا</string>
        </void>
        <void property="date">
         <string>01/21/2013 @03:13 PM</string>
        </void>
        <void property="id">
         <int>1701403</int>
        </void>
        <void property="recievers">
         <void method="add">
          <string>radwan@gmail.com</string>
         </void>
         <void method="add">
          <string>kamal@gmail.com</string>
         </void>
        </void>
        <void property="sender">
         <string>mohamed@gmail.com</string>
        </void>
        <void property="subject">
         <string>hello man</string>
        </void>
       </object>
      </void>
      <void method="add">
       <object class="eg.edu.alexu.csd.oop.email.cs23.demo.Model.EmailManagment.Email" id="Email40">
        <void property="body">
         <string>مش عايز قلق هنا</string>
        </void>
        <void property="date">
         <string>01/21/2013 @03:13 PM</string>
        </void>
        <void property="id">
         <int>7597728</int>
        </void>
        <void property="recievers">
         <void method="add">
          <string>radwan@gmail.com</string>
         </void>
         <void method="add">
          <string>kamal@gmail.com</string>
         </void>
         <void method="add">
          <string>may@gmail.com</string>
         </void>
        </void>
        <void property="sender">
         <string>mohamed@gmail.com</string>
        </void>
        <void property="subject">
         <string>hello man</string>
        </void>
       </object>
      </void>
      <void method="add">
       <object class="eg.edu.alexu.csd.oop.email.cs23.demo.Model.EmailManagment.Email" id="Email41">
        <void property="body">
         <string>مش عايز قلق هنا</string>
        </void>
        <void property="date">
         <string>01/21/2013 @03:13 PM</string>
        </void>
        <void property="id">
         <int>65612961</int>
        </void>
        <void property="recievers">
         <void method="add">
          <string>radwan@gmail.com</string>
         </void>
        </void>
        <void property="sender">
         <string>mohamed@gmail.com</string>
        </void>
        <void property="subject">
         <string>hello man</string>
        </void>
       </object>
      </void>
      <void method="add">
       <object class="eg.edu.alexu.csd.oop.email.cs23.demo.Model.EmailManagment.Email" id="Email42">
        <void property="body">
         <string>مش عايز قلق هنا</string>
        </void>
        <void property="date">
         <string>01/21/2013 @03:13 PM</string>
        </void>
        <void property="id">
         <int>62963961</int>
        </void>
        <void property="recievers">
         <void method="add">
          <string>radwan@gmail.com</string>
         </void>
         <void method="add">
          <string>kamal@gmail.com</string>
         </void>
        </void>
        <void property="sender">
         <string>mohamed@gmail.com</string>
        </void>
        <void property="subject">
         <string>hello man</string>
        </void>
       </object>
      </void>
      <void method="add">
       <object class="eg.edu.alexu.csd.oop.email.cs23.demo.Model.EmailManagment.Email" id="Email43">
        <void property="body">
         <string>مش عايز قلق هنا</string>
        </void>
        <void property="date">
         <string>01/21/2013 @03:13 PM</string>
        </void>
        <void property="id">
         <int>35928281</int>
        </void>
        <void property="recievers">
         <void method="add">
          <string>radwan@gmail.com</string>
         </void>
         <void method="add">
          <string>kamal@gmail.com</string>
         </void>
         <void method="add">
          <string>may@gmail.com</string>
         </void>
        </void>
        <void property="sender">
         <string>mohamed@gmail.com</string>
        </void>
        <void property="subject">
         <string>hello man</string>
        </void>
       </object>
      </void>
      <void method="add">
       <object class="eg.edu.alexu.csd.oop.email.cs23.demo.Model.EmailManagment.Email" id="Email44">
        <void property="body">
         <string>مش عايز قلق هنا</string>
        </void>
        <void property="date">
         <string>01/21/2013 @03:13 PM</string>
        </void>
        <void property="id">
         <int>38888508</int>
        </void>
        <void property="recievers">
         <void method="add">
          <string>radwan@gmail.com</string>
         </void>
        </void>
        <void property="sender">
         <string>mohamed@gmail.com</string>
        </void>
        <void property="subject">
         <string>hello man</string>
        </void>
       </object>
      </void>
      <void method="add">
       <object class="eg.edu.alexu.csd.oop.email.cs23.demo.Model.EmailManagment.Email" id="Email45">
        <void property="body">
         <string>مش عايز قلق هنا</string>
        </void>
        <void property="date">
         <string>01/21/2013 @03:13 PM</string>
        </void>
        <void property="id">
         <int>11439347</int>
        </void>
        <void property="recievers">
         <void method="add">
          <string>radwan@gmail.com</string>
         </void>
         <void method="add">
          <string>kamal@gmail.com</string>
         </void>
        </void>
        <void property="sender">
         <string>mohamed@gmail.com</string>
        </void>
        <void property="subject">
         <string>hello man</string>
        </void>
       </object>
      </void>
      <void method="add">
       <object class="eg.edu.alexu.csd.oop.email.cs23.demo.Model.EmailManagment.Email" id="Email46">
        <void property="body">
         <string>مش عايز قلق هنا</string>
        </void>
        <void property="date">
         <string>01/21/2013 @03:13 PM</string>
        </void>
        <void property="id">
         <int>79564005</int>
        </void>
        <void property="recievers">
         <void method="add">
          <string>radwan@gmail.com</string>
         </void>
         <void method="add">
          <string>kamal@gmail.com</string>
         </void>
         <void method="add">
          <string>may@gmail.com</string>
         </void>
        </void>
        <void property="sender">
         <string>mohamed@gmail.com</string>
        </void>
        <void property="subject">
         <string>hello man</string>
        </void>
       </object>
      </void>
      <void method="add">
       <object class="eg.edu.alexu.csd.oop.email.cs23.demo.Model.EmailManagment.Email" id="Email47">
        <void property="body">
         <string>مش عايز قلق هنا</string>
        </void>
        <void property="date">
         <string>01/21/2013 @03:13 PM</string>
        </void>
        <void property="id">
         <int>49852379</int>
        </void>
        <void property="recievers">
         <void method="add">
          <string>radwan@gmail.com</string>
         </void>
        </void>
        <void property="sender">
         <string>mohamed@gmail.com</string>
        </void>
        <void property="subject">
         <string>hello man</string>
        </void>
       </object>
      </void>
      <void method="add">
       <object class="eg.edu.alexu.csd.oop.email.cs23.demo.Model.EmailManagment.Email" id="Email48">
        <void property="body">
         <string>مش عايز قلق هنا</string>
        </void>
        <void property="date">
         <string>01/21/2013 @03:13 PM</string>
        </void>
        <void property="id">
         <int>22371336</int>
        </void>
        <void property="recievers">
         <void method="add">
          <string>radwan@gmail.com</string>
         </void>
         <void method="add">
          <string>kamal@gmail.com</string>
         </void>
        </void>
        <void property="sender">
         <string>mohamed@gmail.com</string>
        </void>
        <void property="subject">
         <string>hello man</string>
        </void>
       </object>
      </void>
      <void method="add">
       <object class="eg.edu.alexu.csd.oop.email.cs23.demo.Model.EmailManagment.Email" id="Email49">
        <void property="body">
         <string>مش عايز قلق هنا</string>
        </void>
        <void property="date">
         <string>01/21/2013 @03:13 PM</string>
        </void>
        <void property="id">
         <int>915333</int>
        </void>
        <void property="recievers">
         <void method="add">
          <string>radwan@gmail.com</string>
         </void>
         <void method="add">
          <string>kamal@gmail.com</string>
         </void>
         <void method="add">
          <string>may@gmail.com</string>
         </void>
        </void>
        <void property="sender">
         <string>mohamed@gmail.com</string>
        </void>
        <void property="subject">
         <string>hello man</string>
        </void>
       </object>
      </void>
      <void method="add">
       <object class="eg.edu.alexu.csd.oop.email.cs23.demo.Model.EmailManagment.Email" id="Email50">
        <void property="body">
         <string>مش عايز قلق هنا</string>
        </void>
        <void property="date">
         <string>01/21/2013 @03:13 PM</string>
        </void>
        <void property="id">
         <int>66085853</int>
        </void>
        <void property="recievers">
         <void method="add">
          <string>radwan@gmail.com</string>
         </void>
        </void>
        <void property="sender">
         <string>mohamed@gmail.com</string>
        </void>
        <void property="subject">
         <string>hello man</string>
        </void>
       </object>
      </void>
      <void method="add">
       <object class="eg.edu.alexu.csd.oop.email.cs23.demo.Model.EmailManagment.Email" id="Email51">
        <void property="body">
         <string>مش عايز قلق هنا</string>
        </void>
        <void property="date">
         <string>01/21/2013 @03:13 PM</string>
        </void>
        <void property="id">
         <int>14193280</int>
        </void>
        <void property="recievers">
         <void method="add">
          <string>radwan@gmail.com</string>
         </void>
         <void method="add">
          <string>kamal@gmail.com</string>
         </void>
        </void>
        <void property="sender">
         <string>mohamed@gmail.com</string>
        </void>
        <void property="subject">
         <string>hello man</string>
        </void>
       </object>
      </void>
      <void method="add">
       <object class="eg.edu.alexu.csd.oop.email.cs23.demo.Model.EmailManagment.Email" id="Email52">
        <void property="body">
         <string>مش عايز قلق هنا</string>
        </void>
        <void property="date">
         <string>01/21/2013 @03:13 PM</string>
        </void>
        <void property="id">
         <int>25109216</int>
        </void>
        <void property="recievers">
         <void method="add">
          <string>radwan@gmail.com</string>
         </void>
         <void method="add">
          <string>kamal@gmail.com</string>
         </void>
         <void method="add">
          <string>may@gmail.com</string>
         </void>
        </void>
        <void property="sender">
         <string>mohamed@gmail.com</string>
        </void>
        <void property="subject">
         <string>hello man</string>
        </void>
       </object>
      </void>
      <void method="add">
       <object class="eg.edu.alexu.csd.oop.email.cs23.demo.Model.EmailManagment.Email" id="Email53">
        <void property="body">
         <string>مش عايز قلق هنا</string>
        </void>
        <void property="date">
         <string>01/21/2013 @03:13 PM</string>
        </void>
        <void property="id">
         <int>74023395</int>
        </void>
        <void property="recievers">
         <void method="add">
          <string>radwan@gmail.com</string>
         </void>
        </void>
        <void property="sender">
         <string>mohamed@gmail.com</string>
        </void>
        <void property="subject">
         <string>hello man</string>
        </void>
       </object>
      </void>
      <void method="add">
       <object class="eg.edu.alexu.csd.oop.email.cs23.demo.Model.EmailManagment.Email" id="Email54">
        <void property="body">
         <string>مش عايز قلق هنا</string>
        </void>
        <void property="date">
         <string>01/21/2013 @03:13 PM</string>
        </void>
        <void property="id">
         <int>11629038</int>
        </void>
        <void property="recievers">
         <void method="add">
          <string>radwan@gmail.com</string>
         </void>
         <void method="add">
          <string>kamal@gmail.com</string>
         </void>
        </void>
        <void property="sender">
         <string>mohamed@gmail.com</string>
        </void>
        <void property="subject">
         <string>hello man</string>
        </void>
       </object>
      </void>
      <void method="add">
       <object class="eg.edu.alexu.csd.oop.email.cs23.demo.Model.EmailManagment.Email" id="Email55">
        <void property="body">
         <string>مش عايز قلق هنا</string>
        </void>
        <void property="date">
         <string>01/21/2013 @03:13 PM</string>
        </void>
        <void property="id">
         <int>51370614</int>
        </void>
        <void property="recievers">
         <void method="add">
          <string>radwan@gmail.com</string>
         </void>
         <void method="add">
          <string>kamal@gmail.com</string>
         </void>
         <void method="add">
          <string>may@gmail.com</string>
         </void>
        </void>
        <void property="sender">
         <string>mohamed@gmail.com</string>
        </void>
        <void property="subject">
         <string>hello man</string>
        </void>
       </object>
      </void>
      <void method="add">
       <object class="eg.edu.alexu.csd.oop.email.cs23.demo.Model.EmailManagment.Email" id="Email56">
        <void property="body">
         <string>مش عايز قلق هنا</string>
        </void>
        <void property="date">
         <string>01/21/2013 @03:13 PM</string>
        </void>
        <void property="id">
         <int>43875858</int>
        </void>
        <void property="recievers">
         <void method="add">
          <string>radwan@gmail.com</string>
         </void>
        </void>
        <void property="sender">
         <string>mohamed@gmail.com</string>
        </void>
        <void property="subject">
         <string>hello man</string>
        </void>
       </object>
      </void>
      <void method="add">
       <object class="eg.edu.alexu.csd.oop.email.cs23.demo.Model.EmailManagment.Email" id="Email57">
        <void property="body">
         <string>مش عايز قلق هنا</string>
        </void>
        <void property="date">
         <string>01/21/2013 @03:13 PM</string>
        </void>
        <void property="id">
         <int>93550424</int>
        </void>
        <void property="recievers">
         <void method="add">
          <string>radwan@gmail.com</string>
         </void>
         <void method="add">
          <string>kamal@gmail.com</string>
         </void>
        </void>
        <void property="sender">
         <string>mohamed@gmail.com</string>
        </void>
        <void property="subject">
         <string>hello man</string>
        </void>
       </object>
      </void>
      <void method="add">
       <object class="eg.edu.alexu.csd.oop.email.cs23.demo.Model.EmailManagment.Email" id="Email58">
        <void property="body">
         <string>مش عايز قلق هنا</string>
        </void>
        <void property="date">
         <string>01/21/2013 @03:13 PM</string>
        </void>
        <void property="id">
         <int>73150862</int>
        </void>
        <void property="recievers">
         <void method="add">
          <string>radwan@gmail.com</string>
         </void>
         <void method="add">
          <string>kamal@gmail.com</string>
         </void>
         <void method="add">
          <string>may@gmail.com</string>
         </void>
        </void>
        <void property="sender">
         <string>mohamed@gmail.com</string>
        </void>
        <void property="subject">
         <string>hello man</string>
        </void>
       </object>
      </void>
      <void method="add">
       <object class="eg.edu.alexu.csd.oop.email.cs23.demo.Model.EmailManagment.Email" id="Email59">
        <void property="body">
         <string>مش عايز قلق هنا</string>
        </void>
        <void property="date">
         <string>01/21/2013 @03:13 PM</string>
        </void>
        <void property="id">
         <int>6359946</int>
        </void>
        <void property="recievers">
         <void method="add">
          <string>radwan@gmail.com</string>
         </void>
        </void>
        <void property="sender">
         <string>mohamed@gmail.com</string>
        </void>
        <void property="subject">
         <string>hello man</string>
        </void>
       </object>
      </void>
      <void method="add">
       <object class="eg.edu.alexu.csd.oop.email.cs23.demo.Model.EmailManagment.Email" id="Email60">
        <void property="body">
         <string>مش عايز قلق هنا</string>
        </void>
        <void property="date">
         <string>01/21/2013 @03:13 PM</string>
        </void>
        <void property="id">
         <int>19539943</int>
        </void>
        <void property="recievers">
         <void method="add">
          <string>radwan@gmail.com</string>
         </void>
         <void method="add">
          <string>kamal@gmail.com</string>
         </void>
        </void>
        <void property="sender">
         <string>mohamed@gmail.com</string>
        </void>
        <void property="subject">
         <string>hello man</string>
        </void>
       </object>
      </void>
      <void method="add">
       <object class="eg.edu.alexu.csd.oop.email.cs23.demo.Model.EmailManagment.Email" id="Email61">
        <void property="body">
         <string>مش عايز قلق هنا</string>
        </void>
        <void property="date">
         <string>01/21/2013 @03:13 PM</string>
        </void>
        <void property="id">
         <int>33497627</int>
        </void>
        <void property="recievers">
         <void method="add">
          <string>radwan@gmail.com</string>
         </void>
         <void method="add">
          <string>kamal@gmail.com</string>
         </void>
         <void method="add">
          <string>may@gmail.com</string>
         </void>
        </void>
        <void property="sender">
         <string>mohamed@gmail.com</string>
        </void>
        <void property="subject">
         <string>hello man</string>
        </void>
       </object>
      </void>
      <void method="add">
       <object class="eg.edu.alexu.csd.oop.email.cs23.demo.Model.EmailManagment.Email" id="Email62">
        <void property="body">
         <string>مش عايز قلق هنا</string>
        </void>
        <void property="date">
         <string>01/21/2013 @03:13 PM</string>
        </void>
        <void property="id">
         <int>60235898</int>
        </void>
        <void property="recievers">
         <void method="add">
          <string>radwan@gmail.com</string>
         </void>
        </void>
        <void property="sender">
         <string>mohamed@gmail.com</string>
        </void>
        <void property="subject">
         <string>hello man</string>
        </void>
       </object>
      </void>
      <void method="add">
       <object class="eg.edu.alexu.csd.oop.email.cs23.demo.Model.EmailManagment.Email" id="Email63">
        <void property="body">
         <string>مش عايز قلق هنا</string>
        </void>
        <void property="date">
         <string>01/21/2013 @03:13 PM</string>
        </void>
        <void property="id">
         <int>97324001</int>
        </void>
        <void property="recievers">
         <void method="add">
          <string>radwan@gmail.com</string>
         </void>
         <void method="add">
          <string>kamal@gmail.com</string>
         </void>
        </void>
        <void property="sender">
         <string>mohamed@gmail.com</string>
        </void>
        <void property="subject">
         <string>hello man</string>
        </void>
       </object>
      </void>
      <void method="add">
       <object class="eg.edu.alexu.csd.oop.email.cs23.demo.Model.EmailManagment.Email" id="Email64">
        <void property="body">
         <string>مش عايز قلق هنا</string>
        </void>
        <void property="date">
         <string>01/21/2013 @03:13 PM</string>
        </void>
        <void property="id">
         <int>2723178</int>
        </void>
        <void property="recievers">
         <void method="add">
          <string>radwan@gmail.com</string>
         </void>
        </void>
        <void property="sender">
         <string>mohamed@gmail.com</string>
        </void>
        <void property="subject">
         <string>hello man</string>
        </void>
       </object>
      </void>
      <void method="add">
       <object class="eg.edu.alexu.csd.oop.email.cs23.demo.Model.EmailManagment.Email" id="Email65">
        <void property="body">
         <string>مش عايز قلق هنا</string>
        </void>
        <void property="date">
         <string>01/21/2013 @03:13 PM</string>
        </void>
        <void property="id">
         <int>87054201</int>
        </void>
        <void property="recievers">
         <void method="add">
          <string>radwan@gmail.com</string>
         </void>
         <void method="add">
          <string>kamal@gmail.com</string>
         </void>
        </void>
        <void property="sender">
         <string>mohamed@gmail.com</string>
        </void>
        <void property="subject">
         <string>hello man</string>
        </void>
       </object>
      </void>
      <void method="add">
       <object class="eg.edu.alexu.csd.oop.email.cs23.demo.Model.EmailManagment.Email" id="Email66">
        <void property="body">
         <string>مش عايز قلق هنا</string>
        </void>
        <void property="date">
         <string>01/21/203 @03:13 PM</string>
        </void>
        <void property="id">
         <int>76968975</int>
        </void>
        <void property="recievers">
         <void method="add">
          <string>radwan@gmail.com</string>
         </void>
        </void>
        <void property="sender">
         <string>mohamed@gmail.com</string>
        </void>
        <void property="subject">
         <string>hello man</string>
        </void>
       </object>
      </void>
      <void method="add">
       <object class="eg.edu.alexu.csd.oop.email.cs23.demo.Model.EmailManagment.Email" id="Email67">
        <void property="body">
         <string>مش عايز قلق هنا</string>
        </void>
        <void property="date">
         <string>01/21/203 @03:13 PM</string>
        </void>
        <void property="id">
         <int>57465863</int>
        </void>
        <void property="recievers">
         <void method="add">
          <string>radwan@gmail.com</string>
         </void>
         <void method="add">
          <string>kamal@gmail.com</string>
         </void>
        </void>
        <void property="sender">
         <string>mohamed@gmail.com</string>
        </void>
        <void property="subject">
         <string>hello man</string>
        </void>
       </object>
      </void>
      <void method="add">
       <object class="eg.edu.alexu.csd.oop.email.cs23.demo.Model.EmailManagment.Email" id="Email68">
        <void property="body">
         <string>gfdgdgfdg</string>
        </void>
        <void property="id">
         <int>70111001</int>
        </void>
        <void property="recievers">
         <void method="add">
          <string>mohamed@gmail.com</string>
         </void>
        </void>
        <void property="sender">
         <string>mohamed@gmail.com</string>
        </void>
        <void property="subject">
         <string>dfgsfdgfdg</string>
        </void>
       </object>
      </void>
     </void>
     <void property="name">
      <string>sentEmails</string>
     </void>
     <void property="path">
      <string>D:\CSED23\year_two_1st term\programming_2\assignments\EmailServer\project steps\MailServer-main\eg.edu.alexu.csd.oop.email.cs231\users\mohamed@gmail.com\sentEmails</string>
     </void>
    </object>
   </void>
  </void>
  <void property="emailAddress">
   <string>mohamed@gmail.com</string>
  </void>
  <void property="passWord">
   <string>123</string>
  </void>
  <void property="userName">
   <string>mohamed</string>
  </void>
 </object>
</java>
