<?xml version="1.0" encoding="UTF-8"?>
<java version="14.0.2" class="java.beans.XMLDecoder">
 <object class="eg.edu.alexu.csd.oop.email.cs23.demo.Model.UserManagment.User" id="User0">
  <void property="defaultFolders">
   <void method="add">
    <object class="eg.edu.alexu.csd.oop.email.cs23.demo.Model.UserManagment.Folder" id="Folder0">
     <void property="emailsList">
      <void method="add">
       <object class="eg.edu.alexu.csd.oop.email.cs23.demo.Model.EmailManagment.Email">
        <void property="body">
         <string>here is that</string>
        </void>
        <void property="sender">
         <string>vo@do</string>
        </void>
        <void property="subject">
         <string>lest1</string>
        </void>
       </object>
      </void>
      <void method="add">
       <object class="eg.edu.alexu.csd.oop.email.cs23.demo.Model.EmailManagment.Email">
        <void property="body">
         <string>here is that</string>
        </void>
        <void property="id">
         <int>1</int>
        </void>
        <void property="sender">
         <string>vo@do</string>
        </void>
        <void property="subject">
         <string>best2</string>
        </void>
       </object>
      </void>
      <void method="add">
       <object class="eg.edu.alexu.csd.oop.email.cs23.demo.Model.EmailManagment.Email">
        <void property="body">
         <string>here is that</string>
        </void>
        <void property="id">
         <int>2</int>
        </void>
        <void property="sender">
         <string>vo@do</string>
        </void>
        <void property="subject">
         <string>lest3</string>
        </void>
       </object>
      </void>
      <void method="add">
       <object class="eg.edu.alexu.csd.oop.email.cs23.demo.Model.EmailManagment.Email">
        <void property="body">
         <string>here is that</string>
        </void>
        <void property="id">
         <int>3</int>
        </void>
        <void property="sender">
         <string>vo@do</string>
        </void>
        <void property="subject">
         <string>best4</string>
        </void>
       </object>
      </void>
      <void method="add">
       <object class="eg.edu.alexu.csd.oop.email.cs23.demo.Model.EmailManagment.Email">
        <void property="body">
         <string>here is that</string>
        </void>
        <void property="id">
         <int>4</int>
        </void>
        <void property="sender">
         <string>vo@do</string>
        </void>
        <void property="subject">
         <string>lest5</string>
        </void>
       </object>
      </void>
      <void method="add">
       <object class="eg.edu.alexu.csd.oop.email.cs23.demo.Model.EmailManagment.Email">
        <void property="body">
         <string>here is that</string>
        </void>
        <void property="id">
         <int>5</int>
        </void>
        <void property="sender">
         <string>vo@do</string>
        </void>
        <void property="subject">
         <string>best6</string>
        </void>
       </object>
      </void>
      <void method="add">
       <object class="eg.edu.alexu.csd.oop.email.cs23.demo.Model.EmailManagment.Email">
        <void property="body">
         <string>here is that</string>
        </void>
        <void property="id">
         <int>6</int>
        </void>
        <void property="sender">
         <string>vo@do</string>
        </void>
        <void property="subject">
         <string>lest7</string>
        </void>
       </object>
      </void>
      <void method="add">
       <object class="eg.edu.alexu.csd.oop.email.cs23.demo.Model.EmailManagment.Email">
        <void property="body">
         <string>here is that</string>
        </void>
        <void property="id">
         <int>7</int>
        </void>
        <void property="sender">
         <string>vo@do</string>
        </void>
        <void property="subject">
         <string>best8</string>
        </void>
       </object>
      </void>
      <void method="add">
       <object class="eg.edu.alexu.csd.oop.email.cs23.demo.Model.EmailManagment.Email">
        <void property="body">
         <string>here is that</string>
        </void>
        <void property="id">
         <int>8</int>
        </void>
        <void property="sender">
         <string>vo@do</string>
        </void>
        <void property="subject">
         <string>lest9</string>
        </void>
       </object>
      </void>
      <void method="add">
       <object class="eg.edu.alexu.csd.oop.email.cs23.demo.Model.EmailManagment.Email">
        <void property="body">
         <string>here is that</string>
        </void>
        <void property="id">
         <int>9</int>
        </void>
        <void property="sender">
         <string>vo@do</string>
        </void>
        <void property="subject">
         <string>best10</string>
        </void>
       </object>
      </void>
      <void method="add">
       <object class="eg.edu.alexu.csd.oop.email.cs23.demo.Model.EmailManagment.Email">
        <void property="body">
         <string>here is that</string>
        </void>
        <void property="id">
         <int>10</int>
        </void>
        <void property="sender">
         <string>vo@do</string>
        </void>
        <void property="subject">
         <string>lest11</string>
        </void>
       </object>
      </void>
      <void method="add">
       <object class="eg.edu.alexu.csd.oop.email.cs23.demo.Model.EmailManagment.Email">
        <void property="body">
         <string>here is that</string>
        </void>
        <void property="id">
         <int>11</int>
        </void>
        <void property="sender">
         <string>vo@do</string>
        </void>
        <void property="subject">
         <string>best12</string>
        </void>
       </object>
      </void>
      <void method="add">
       <object class="eg.edu.alexu.csd.oop.email.cs23.demo.Model.EmailManagment.Email">
        <void property="body">
         <string>here is that</string>
        </void>
        <void property="sender">
         <string>vo@do</string>
        </void>
        <void property="subject">
         <string>lest1</string>
        </void>
       </object>
      </void>
      <void method="add">
       <object class="eg.edu.alexu.csd.oop.email.cs23.demo.Model.EmailManagment.Email">
        <void property="body">
         <string>here is that</string>
        </void>
        <void property="id">
         <int>1</int>
        </void>
        <void property="sender">
         <string>vo@do</string>
        </void>
        <void property="subject">
         <string>best2</string>
        </void>
       </object>
      </void>
      <void method="add">
       <object class="eg.edu.alexu.csd.oop.email.cs23.demo.Model.EmailManagment.Email">
        <void property="body">
         <string>here is that</string>
        </void>
        <void property="id">
         <int>2</int>
        </void>
        <void property="sender">
         <string>vo@do</string>
        </void>
        <void property="subject">
         <string>lest3</string>
        </void>
       </object>
      </void>
      <void method="add">
       <object class="eg.edu.alexu.csd.oop.email.cs23.demo.Model.EmailManagment.Email">
        <void property="body">
         <string>here is that</string>
        </void>
        <void property="id">
         <int>3</int>
        </void>
        <void property="sender">
         <string>vo@do</string>
        </void>
        <void property="subject">
         <string>best4</string>
        </void>
       </object>
      </void>
      <void method="add">
       <object class="eg.edu.alexu.csd.oop.email.cs23.demo.Model.EmailManagment.Email">
        <void property="body">
         <string>here is that</string>
        </void>
        <void property="id">
         <int>4</int>
        </void>
        <void property="sender">
         <string>vo@do</string>
        </void>
        <void property="subject">
         <string>lest5</string>
        </void>
       </object>
      </void>
      <void method="add">
       <object class="eg.edu.alexu.csd.oop.email.cs23.demo.Model.EmailManagment.Email">
        <void property="body">
         <string>here is that</string>
        </void>
        <void property="id">
         <int>5</int>
        </void>
        <void property="sender">
         <string>vo@do</string>
        </void>
        <void property="subject">
         <string>best6</string>
        </void>
       </object>
      </void>
      <void method="add">
       <object class="eg.edu.alexu.csd.oop.email.cs23.demo.Model.EmailManagment.Email">
        <void property="body">
         <string>here is that</string>
        </void>
        <void property="id">
         <int>6</int>
        </void>
        <void property="sender">
         <string>vo@do</string>
        </void>
        <void property="subject">
         <string>lest7</string>
        </void>
       </object>
      </void>
      <void method="add">
       <object class="eg.edu.alexu.csd.oop.email.cs23.demo.Model.EmailManagment.Email">
        <void property="body">
         <string>here is that</string>
        </void>
        <void property="id">
         <int>7</int>
        </void>
        <void property="sender">
         <string>vo@do</string>
        </void>
        <void property="subject">
         <string>best8</string>
        </void>
       </object>
      </void>
      <void method="add">
       <object class="eg.edu.alexu.csd.oop.email.cs23.demo.Model.EmailManagment.Email">
        <void property="body">
         <string>here is that</string>
        </void>
        <void property="id">
         <int>8</int>
        </void>
        <void property="sender">
         <string>vo@do</string>
        </void>
        <void property="subject">
         <string>lest9</string>
        </void>
       </object>
      </void>
      <void method="add">
       <object class="eg.edu.alexu.csd.oop.email.cs23.demo.Model.EmailManagment.Email">
        <void property="body">
         <string>here is that</string>
        </void>
        <void property="id">
         <int>9</int>
        </void>
        <void property="sender">
         <string>vo@do</string>
        </void>
        <void property="subject">
         <string>best10</string>
        </void>
       </object>
      </void>
      <void method="add">
       <object class="eg.edu.alexu.csd.oop.email.cs23.demo.Model.EmailManagment.Email">
        <void property="body">
         <string>here is that</string>
        </void>
        <void property="id">
         <int>10</int>
        </void>
        <void property="sender">
         <string>vo@do</string>
        </void>
        <void property="subject">
         <string>lest11</string>
        </void>
       </object>
      </void>
      <void method="add">
       <object class="eg.edu.alexu.csd.oop.email.cs23.demo.Model.EmailManagment.Email">
        <void property="body">
         <string>here is that</string>
        </void>
        <void property="id">
         <int>11</int>
        </void>
        <void property="sender">
         <string>vo@do</string>
        </void>
        <void property="subject">
         <string>best12</string>
        </void>
       </object>
      </void>
      <void method="add">
       <object class="eg.edu.alexu.csd.oop.email.cs23.demo.Model.EmailManagment.Email">
        <void property="body">
         <string>here is that</string>
        </void>
        <void property="sender">
         <string>vo@do</string>
        </void>
        <void property="subject">
         <string>lest1</string>
        </void>
       </object>
      </void>
      <void method="add">
       <object class="eg.edu.alexu.csd.oop.email.cs23.demo.Model.EmailManagment.Email">
        <void property="body">
         <string>here is that</string>
        </void>
        <void property="id">
         <int>1</int>
        </void>
        <void property="sender">
         <string>vo@do</string>
        </void>
        <void property="subject">
         <string>best2</string>
        </void>
       </object>
      </void>
      <void method="add">
       <object class="eg.edu.alexu.csd.oop.email.cs23.demo.Model.EmailManagment.Email">
        <void property="body">
         <string>here is that</string>
        </void>
        <void property="id">
         <int>2</int>
        </void>
        <void property="sender">
         <string>vo@do</string>
        </void>
        <void property="subject">
         <string>lest3</string>
        </void>
       </object>
      </void>
      <void method="add">
       <object class="eg.edu.alexu.csd.oop.email.cs23.demo.Model.EmailManagment.Email">
        <void property="body">
         <string>here is that</string>
        </void>
        <void property="id">
         <int>3</int>
        </void>
        <void property="sender">
         <string>vo@do</string>
        </void>
        <void property="subject">
         <string>best4</string>
        </void>
       </object>
      </void>
      <void method="add">
       <object class="eg.edu.alexu.csd.oop.email.cs23.demo.Model.EmailManagment.Email">
        <void property="body">
         <string>here is that</string>
        </void>
        <void property="id">
         <int>4</int>
        </void>
        <void property="sender">
         <string>vo@do</string>
        </void>
        <void property="subject">
         <string>lest5</string>
        </void>
       </object>
      </void>
      <void method="add">
       <object class="eg.edu.alexu.csd.oop.email.cs23.demo.Model.EmailManagment.Email">
        <void property="body">
         <string>here is that</string>
        </void>
        <void property="id">
         <int>5</int>
        </void>
        <void property="sender">
         <string>vo@do</string>
        </void>
        <void property="subject">
         <string>best6</string>
        </void>
       </object>
      </void>
      <void method="add">
       <object class="eg.edu.alexu.csd.oop.email.cs23.demo.Model.EmailManagment.Email">
        <void property="body">
         <string>here is that</string>
        </void>
        <void property="id">
         <int>6</int>
        </void>
        <void property="sender">
         <string>vo@do</string>
        </void>
        <void property="subject">
         <string>lest7</string>
        </void>
       </object>
      </void>
      <void method="add">
       <object class="eg.edu.alexu.csd.oop.email.cs23.demo.Model.EmailManagment.Email">
        <void property="body">
         <string>here is that</string>
        </void>
        <void property="id">
         <int>7</int>
        </void>
        <void property="sender">
         <string>vo@do</string>
        </void>
        <void property="subject">
         <string>best8</string>
        </void>
       </object>
      </void>
      <void method="add">
       <object class="eg.edu.alexu.csd.oop.email.cs23.demo.Model.EmailManagment.Email">
        <void property="body">
         <string>here is that</string>
        </void>
        <void property="id">
         <int>8</int>
        </void>
        <void property="sender">
         <string>vo@do</string>
        </void>
        <void property="subject">
         <string>lest9</string>
        </void>
       </object>
      </void>
      <void method="add">
       <object class="eg.edu.alexu.csd.oop.email.cs23.demo.Model.EmailManagment.Email">
        <void property="body">
         <string>here is that</string>
        </void>
        <void property="id">
         <int>9</int>
        </void>
        <void property="sender">
         <string>vo@do</string>
        </void>
        <void property="subject">
         <string>best10</string>
        </void>
       </object>
      </void>
      <void method="add">
       <object class="eg.edu.alexu.csd.oop.email.cs23.demo.Model.EmailManagment.Email">
        <void property="body">
         <string>here is that</string>
        </void>
        <void property="id">
         <int>10</int>
        </void>
        <void property="sender">
         <string>vo@do</string>
        </void>
        <void property="subject">
         <string>lest11</string>
        </void>
       </object>
      </void>
      <void method="add">
       <object class="eg.edu.alexu.csd.oop.email.cs23.demo.Model.EmailManagment.Email">
        <void property="body">
         <string>here is that</string>
        </void>
        <void property="id">
         <int>11</int>
        </void>
        <void property="sender">
         <string>vo@do</string>
        </void>
        <void property="subject">
         <string>best12</string>
        </void>
       </object>
      </void>
      <void method="add">
       <object class="eg.edu.alexu.csd.oop.email.cs23.demo.Model.EmailManagment.Email">
        <void property="body">
         <string>here is that</string>
        </void>
        <void property="sender">
         <string>vo@do</string>
        </void>
        <void property="subject">
         <string>lest1</string>
        </void>
       </object>
      </void>
      <void method="add">
       <object class="eg.edu.alexu.csd.oop.email.cs23.demo.Model.EmailManagment.Email">
        <void property="body">
         <string>here is that</string>
        </void>
        <void property="id">
         <int>1</int>
        </void>
        <void property="sender">
         <string>vo@do</string>
        </void>
        <void property="subject">
         <string>best2</string>
        </void>
       </object>
      </void>
      <void method="add">
       <object class="eg.edu.alexu.csd.oop.email.cs23.demo.Model.EmailManagment.Email">
        <void property="body">
         <string>here is that</string>
        </void>
        <void property="id">
         <int>2</int>
        </void>
        <void property="sender">
         <string>vo@do</string>
        </void>
        <void property="subject">
         <string>lest3</string>
        </void>
       </object>
      </void>
      <void method="add">
       <object class="eg.edu.alexu.csd.oop.email.cs23.demo.Model.EmailManagment.Email">
        <void property="body">
         <string>here is that</string>
        </void>
        <void property="id">
         <int>3</int>
        </void>
        <void property="sender">
         <string>vo@do</string>
        </void>
        <void property="subject">
         <string>best4</string>
        </void>
       </object>
      </void>
      <void method="add">
       <object class="eg.edu.alexu.csd.oop.email.cs23.demo.Model.EmailManagment.Email">
        <void property="body">
         <string>here is that</string>
        </void>
        <void property="id">
         <int>4</int>
        </void>
        <void property="sender">
         <string>vo@do</string>
        </void>
        <void property="subject">
         <string>lest5</string>
        </void>
       </object>
      </void>
      <void method="add">
       <object class="eg.edu.alexu.csd.oop.email.cs23.demo.Model.EmailManagment.Email">
        <void property="body">
         <string>here is that</string>
        </void>
        <void property="id">
         <int>5</int>
        </void>
        <void property="sender">
         <string>vo@do</string>
        </void>
        <void property="subject">
         <string>best6</string>
        </void>
       </object>
      </void>
      <void method="add">
       <object class="eg.edu.alexu.csd.oop.email.cs23.demo.Model.EmailManagment.Email">
        <void property="body">
         <string>here is that</string>
        </void>
        <void property="id">
         <int>6</int>
        </void>
        <void property="sender">
         <string>vo@do</string>
        </void>
        <void property="subject">
         <string>lest7</string>
        </void>
       </object>
      </void>
      <void method="add">
       <object class="eg.edu.alexu.csd.oop.email.cs23.demo.Model.EmailManagment.Email">
        <void property="body">
         <string>here is that</string>
        </void>
        <void property="id">
         <int>7</int>
        </void>
        <void property="sender">
         <string>vo@do</string>
        </void>
        <void property="subject">
         <string>best8</string>
        </void>
       </object>
      </void>
      <void method="add">
       <object class="eg.edu.alexu.csd.oop.email.cs23.demo.Model.EmailManagment.Email">
        <void property="body">
         <string>here is that</string>
        </void>
        <void property="id">
         <int>8</int>
        </void>
        <void property="sender">
         <string>vo@do</string>
        </void>
        <void property="subject">
         <string>lest9</string>
        </void>
       </object>
      </void>
      <void method="add">
       <object class="eg.edu.alexu.csd.oop.email.cs23.demo.Model.EmailManagment.Email">
        <void property="body">
         <string>here is that</string>
        </void>
        <void property="id">
         <int>9</int>
        </void>
        <void property="sender">
         <string>vo@do</string>
        </void>
        <void property="subject">
         <string>best10</string>
        </void>
       </object>
      </void>
      <void method="add">
       <object class="eg.edu.alexu.csd.oop.email.cs23.demo.Model.EmailManagment.Email">
        <void property="body">
         <string>here is that</string>
        </void>
        <void property="id">
         <int>10</int>
        </void>
        <void property="sender">
         <string>vo@do</string>
        </void>
        <void property="subject">
         <string>lest11</string>
        </void>
       </object>
      </void>
      <void method="add">
       <object class="eg.edu.alexu.csd.oop.email.cs23.demo.Model.EmailManagment.Email">
        <void property="body">
         <string>here is that</string>
        </void>
        <void property="id">
         <int>11</int>
        </void>
        <void property="sender">
         <string>vo@do</string>
        </void>
        <void property="subject">
         <string>best12</string>
        </void>
       </object>
      </void>
      <void method="add">
       <object class="eg.edu.alexu.csd.oop.email.cs23.demo.Model.EmailManagment.Email">
        <void property="body">
         <string>here is that</string>
        </void>
        <void property="sender">
         <string>vo@do</string>
        </void>
        <void property="subject">
         <string>lest1</string>
        </void>
       </object>
      </void>
      <void method="add">
       <object class="eg.edu.alexu.csd.oop.email.cs23.demo.Model.EmailManagment.Email">
        <void property="body">
         <string>here is that</string>
        </void>
        <void property="id">
         <int>1</int>
        </void>
        <void property="sender">
         <string>vo@do</string>
        </void>
        <void property="subject">
         <string>best2</string>
        </void>
       </object>
      </void>
      <void method="add">
       <object class="eg.edu.alexu.csd.oop.email.cs23.demo.Model.EmailManagment.Email">
        <void property="body">
         <string>here is that</string>
        </void>
        <void property="id">
         <int>2</int>
        </void>
        <void property="sender">
         <string>vo@do</string>
        </void>
        <void property="subject">
         <string>lest3</string>
        </void>
       </object>
      </void>
      <void method="add">
       <object class="eg.edu.alexu.csd.oop.email.cs23.demo.Model.EmailManagment.Email">
        <void property="body">
         <string>here is that</string>
        </void>
        <void property="id">
         <int>3</int>
        </void>
        <void property="sender">
         <string>vo@do</string>
        </void>
        <void property="subject">
         <string>best4</string>
        </void>
       </object>
      </void>
      <void method="add">
       <object class="eg.edu.alexu.csd.oop.email.cs23.demo.Model.EmailManagment.Email">
        <void property="body">
         <string>here is that</string>
        </void>
        <void property="id">
         <int>4</int>
        </void>
        <void property="sender">
         <string>vo@do</string>
        </void>
        <void property="subject">
         <string>lest5</string>
        </void>
       </object>
      </void>
      <void method="add">
       <object class="eg.edu.alexu.csd.oop.email.cs23.demo.Model.EmailManagment.Email">
        <void property="body">
         <string>here is that</string>
        </void>
        <void property="id">
         <int>5</int>
        </void>
        <void property="sender">
         <string>vo@do</string>
        </void>
        <void property="subject">
         <string>best6</string>
        </void>
       </object>
      </void>
      <void method="add">
       <object class="eg.edu.alexu.csd.oop.email.cs23.demo.Model.EmailManagment.Email">
        <void property="body">
         <string>here is that</string>
        </void>
        <void property="id">
         <int>6</int>
        </void>
        <void property="sender">
         <string>vo@do</string>
        </void>
        <void property="subject">
         <string>lest7</string>
        </void>
       </object>
      </void>
      <void method="add">
       <object class="eg.edu.alexu.csd.oop.email.cs23.demo.Model.EmailManagment.Email">
        <void property="body">
         <string>here is that</string>
        </void>
        <void property="id">
         <int>7</int>
        </void>
        <void property="sender">
         <string>vo@do</string>
        </void>
        <void property="subject">
         <string>best8</string>
        </void>
       </object>
      </void>
      <void method="add">
       <object class="eg.edu.alexu.csd.oop.email.cs23.demo.Model.EmailManagment.Email">
        <void property="body">
         <string>here is that</string>
        </void>
        <void property="id">
         <int>8</int>
        </void>
        <void property="sender">
         <string>vo@do</string>
        </void>
        <void property="subject">
         <string>lest9</string>
        </void>
       </object>
      </void>
      <void method="add">
       <object class="eg.edu.alexu.csd.oop.email.cs23.demo.Model.EmailManagment.Email">
        <void property="body">
         <string>here is that</string>
        </void>
        <void property="id">
         <int>9</int>
        </void>
        <void property="sender">
         <string>vo@do</string>
        </void>
        <void property="subject">
         <string>best10</string>
        </void>
       </object>
      </void>
      <void method="add">
       <object class="eg.edu.alexu.csd.oop.email.cs23.demo.Model.EmailManagment.Email">
        <void property="body">
         <string>here is that</string>
        </void>
        <void property="id">
         <int>10</int>
        </void>
        <void property="sender">
         <string>vo@do</string>
        </void>
        <void property="subject">
         <string>lest11</string>
        </void>
       </object>
      </void>
      <void method="add">
       <object class="eg.edu.alexu.csd.oop.email.cs23.demo.Model.EmailManagment.Email">
        <void property="body">
         <string>here is that</string>
        </void>
        <void property="id">
         <int>11</int>
        </void>
        <void property="sender">
         <string>vo@do</string>
        </void>
        <void property="subject">
         <string>best12</string>
        </void>
       </object>
      </void>
      <void method="add">
       <object class="eg.edu.alexu.csd.oop.email.cs23.demo.Model.EmailManagment.Email" id="Email0">
        <void property="id">
         <int>971</int>
        </void>
        <void property="recievers">
         <void method="add">
          <string>uo@do</string>
         </void>
         <void method="add">
          <string>uo@do</string>
         </void>
        </void>
        <void property="sender">
         <string>radwan@gmail.com</string>
        </void>
       </object>
      </void>
      <void method="add">
       <object class="eg.edu.alexu.csd.oop.email.cs23.demo.Model.EmailManagment.Email" id="Email1">
        <void property="id">
         <int>922</int>
        </void>
        <void property="recievers">
         <void method="add">
          <string>uo@do</string>
         </void>
         <void method="add">
          <string>uo@do</string>
         </void>
         <void method="add">
          <string>uo@do</string>
         </void>
        </void>
        <void property="sender">
         <string>radwan@gmail.com</string>
        </void>
       </object>
      </void>
      <void method="add">
       <object class="eg.edu.alexu.csd.oop.email.cs23.demo.Model.EmailManagment.Email" id="Email2">
        <void property="id">
         <int>602</int>
        </void>
        <void property="recievers">
         <void method="add">
          <string>uo@do</string>
         </void>
         <void method="add">
          <string>uo@do</string>
         </void>
         <void method="add">
          <string>uo@do</string>
         </void>
         <void method="add">
          <string>uo@do</string>
         </void>
        </void>
        <void property="sender">
         <string>radwan@gmail.com</string>
        </void>
       </object>
      </void>
      <void method="add">
       <object class="eg.edu.alexu.csd.oop.email.cs23.demo.Model.EmailManagment.Email" id="Email3">
        <void property="id">
         <int>101</int>
        </void>
        <void property="recievers">
         <void method="add">
          <string>uo@do</string>
         </void>
         <void method="add">
          <string>uo@do</string>
         </void>
         <void method="add">
          <string>uo@do</string>
         </void>
         <void method="add">
          <string>uo@do</string>
         </void>
         <void method="add">
          <string>uo@do</string>
         </void>
        </void>
        <void property="sender">
         <string>radwan@gmail.com</string>
        </void>
       </object>
      </void>
      <void method="add">
       <object class="eg.edu.alexu.csd.oop.email.cs23.demo.Model.EmailManagment.Email" id="Email4">
        <void property="id">
         <int>773</int>
        </void>
        <void property="recievers">
         <void method="add">
          <string>uo@do</string>
         </void>
         <void method="add">
          <string>uo@do</string>
         </void>
         <void method="add">
          <string>uo@do</string>
         </void>
         <void method="add">
          <string>uo@do</string>
         </void>
         <void method="add">
          <string>uo@do</string>
         </void>
         <void method="add">
          <string>uo@do</string>
         </void>
        </void>
        <void property="sender">
         <string>radwan@gmail.com</string>
        </void>
       </object>
      </void>
      <void method="add">
       <object class="eg.edu.alexu.csd.oop.email.cs23.demo.Model.EmailManagment.Email" id="Email5">
        <void property="id">
         <int>730</int>
        </void>
        <void property="recievers">
         <void method="add">
          <string>uo@do</string>
         </void>
         <void method="add">
          <string>uo@do</string>
         </void>
         <void method="add">
          <string>uo@do</string>
         </void>
         <void method="add">
          <string>uo@do</string>
         </void>
         <void method="add">
          <string>uo@do</string>
         </void>
         <void method="add">
          <string>uo@do</string>
         </void>
         <void method="add">
          <string>uo@do</string>
         </void>
        </void>
        <void property="sender">
         <string>radwan@gmail.com</string>
        </void>
       </object>
      </void>
      <void method="add">
       <object class="eg.edu.alexu.csd.oop.email.cs23.demo.Model.EmailManagment.Email" id="Email6">
        <void property="id">
         <int>502</int>
        </void>
        <void property="recievers">
         <void method="add">
          <string>uo@do</string>
         </void>
         <void method="add">
          <string>uo@do</string>
         </void>
         <void method="add">
          <string>uo@do</string>
         </void>
         <void method="add">
          <string>uo@do</string>
         </void>
         <void method="add">
          <string>uo@do</string>
         </void>
         <void method="add">
          <string>uo@do</string>
         </void>
         <void method="add">
          <string>uo@do</string>
         </void>
         <void method="add">
          <string>uo@do</string>
         </void>
        </void>
        <void property="sender">
         <string>radwan@gmail.com</string>
        </void>
       </object>
      </void>
      <void method="add">
       <object class="eg.edu.alexu.csd.oop.email.cs23.demo.Model.EmailManagment.Email" id="Email7">
        <void property="id">
         <int>250</int>
        </void>
        <void property="recievers">
         <void method="add">
          <string>uo@do</string>
         </void>
         <void method="add">
          <string>uo@do</string>
         </void>
         <void method="add">
          <string>uo@do</string>
         </void>
         <void method="add">
          <string>uo@do</string>
         </void>
         <void method="add">
          <string>uo@do</string>
         </void>
         <void method="add">
          <string>uo@do</string>
         </void>
         <void method="add">
          <string>uo@do</string>
         </void>
         <void method="add">
          <string>uo@do</string>
         </void>
         <void method="add">
          <string>uo@do</string>
         </void>
        </void>
        <void property="sender">
         <string>radwan@gmail.com</string>
        </void>
       </object>
      </void>
      <void method="add">
       <object class="eg.edu.alexu.csd.oop.email.cs23.demo.Model.EmailManagment.Email" id="Email8">
        <void property="id">
         <int>629</int>
        </void>
        <void property="recievers">
         <void method="add">
          <string>uo@do</string>
         </void>
         <void method="add">
          <string>uo@do</string>
         </void>
         <void method="add">
          <string>uo@do</string>
         </void>
         <void method="add">
          <string>uo@do</string>
         </void>
         <void method="add">
          <string>uo@do</string>
         </void>
         <void method="add">
          <string>uo@do</string>
         </void>
         <void method="add">
          <string>uo@do</string>
         </void>
         <void method="add">
          <string>uo@do</string>
         </void>
         <void method="add">
          <string>uo@do</string>
         </void>
         <void method="add">
          <string>uo@do</string>
         </void>
        </void>
        <void property="sender">
         <string>radwan@gmail.com</string>
        </void>
       </object>
      </void>
      <void method="add">
       <object class="eg.edu.alexu.csd.oop.email.cs23.demo.Model.EmailManagment.Email" id="Email9">
        <void property="id">
         <int>190</int>
        </void>
        <void property="recievers">
         <void method="add">
          <string>uo@do</string>
         </void>
         <void method="add">
          <string>uo@do</string>
         </void>
         <void method="add">
          <string>uo@do</string>
         </void>
         <void method="add">
          <string>uo@do</string>
         </void>
         <void method="add">
          <string>uo@do</string>
         </void>
         <void method="add">
          <string>uo@do</string>
         </void>
         <void method="add">
          <string>uo@do</string>
         </void>
         <void method="add">
          <string>uo@do</string>
         </void>
         <void method="add">
          <string>uo@do</string>
         </void>
         <void method="add">
          <string>uo@do</string>
         </void>
         <void method="add">
          <string>uo@do</string>
         </void>
        </void>
        <void property="sender">
         <string>radwan@gmail.com</string>
        </void>
       </object>
      </void>
      <void method="add">
       <object class="eg.edu.alexu.csd.oop.email.cs23.demo.Model.EmailManagment.Email" id="Email10">
        <void property="id">
         <int>636</int>
        </void>
        <void property="recievers">
         <void method="add">
          <string>uo@do</string>
         </void>
         <void method="add">
          <string>uo@do</string>
         </void>
         <void method="add">
          <string>uo@do</string>
         </void>
         <void method="add">
          <string>uo@do</string>
         </void>
         <void method="add">
          <string>uo@do</string>
         </void>
         <void method="add">
          <string>uo@do</string>
         </void>
         <void method="add">
          <string>uo@do</string>
         </void>
         <void method="add">
          <string>uo@do</string>
         </void>
         <void method="add">
          <string>uo@do</string>
         </void>
         <void method="add">
          <string>uo@do</string>
         </void>
         <void method="add">
          <string>uo@do</string>
         </void>
         <void method="add">
          <string>uo@do</string>
         </void>
        </void>
        <void property="sender">
         <string>radwan@gmail.com</string>
        </void>
       </object>
      </void>
      <void method="add">
       <object class="eg.edu.alexu.csd.oop.email.cs23.demo.Model.EmailManagment.Email" id="Email11">
        <void property="id">
         <int>317</int>
        </void>
        <void property="recievers">
         <void method="add">
          <string>uo@do</string>
         </void>
         <void method="add">
          <string>uo@do</string>
         </void>
         <void method="add">
          <string>uo@do</string>
         </void>
         <void method="add">
          <string>uo@do</string>
         </void>
         <void method="add">
          <string>uo@do</string>
         </void>
         <void method="add">
          <string>uo@do</string>
         </void>
         <void method="add">
          <string>uo@do</string>
         </void>
         <void method="add">
          <string>uo@do</string>
         </void>
         <void method="add">
          <string>uo@do</string>
         </void>
         <void method="add">
          <string>uo@do</string>
         </void>
         <void method="add">
          <string>uo@do</string>
         </void>
         <void method="add">
          <string>uo@do</string>
         </void>
         <void method="add">
          <string>uo@do</string>
         </void>
        </void>
        <void property="sender">
         <string>radwan@gmail.com</string>
        </void>
       </object>
      </void>
      <void method="add">
       <object class="eg.edu.alexu.csd.oop.email.cs23.demo.Model.EmailManagment.Email" id="Email12">
        <void property="id">
         <int>658</int>
        </void>
        <void property="recievers">
         <void method="add">
          <string>uo@do</string>
         </void>
         <void method="add">
          <string>uo@do</string>
         </void>
         <void method="add">
          <string>uo@do</string>
         </void>
         <void method="add">
          <string>uo@do</string>
         </void>
         <void method="add">
          <string>uo@do</string>
         </void>
         <void method="add">
          <string>uo@do</string>
         </void>
         <void method="add">
          <string>uo@do</string>
         </void>
         <void method="add">
          <string>uo@do</string>
         </void>
         <void method="add">
          <string>uo@do</string>
         </void>
         <void method="add">
          <string>uo@do</string>
         </void>
         <void method="add">
          <string>uo@do</string>
         </void>
         <void method="add">
          <string>uo@do</string>
         </void>
         <void method="add">
          <string>uo@do</string>
         </void>
         <void method="add">
          <string>uo@do</string>
         </void>
        </void>
        <void property="sender">
         <string>radwan@gmail.com</string>
        </void>
       </object>
      </void>
      <void method="add">
       <object class="eg.edu.alexu.csd.oop.email.cs23.demo.Model.EmailManagment.Email" id="Email13">
        <void property="id">
         <int>964</int>
        </void>
        <void property="recievers">
         <void method="add">
          <string>uo@do</string>
         </void>
         <void method="add">
          <string>uo@do</string>
         </void>
         <void method="add">
          <string>uo@do</string>
         </void>
         <void method="add">
          <string>uo@do</string>
         </void>
         <void method="add">
          <string>uo@do</string>
         </void>
         <void method="add">
          <string>uo@do</string>
         </void>
         <void method="add">
          <string>uo@do</string>
         </void>
         <void method="add">
          <string>uo@do</string>
         </void>
         <void method="add">
          <string>uo@do</string>
         </void>
         <void method="add">
          <string>uo@do</string>
         </void>
         <void method="add">
          <string>uo@do</string>
         </void>
         <void method="add">
          <string>uo@do</string>
         </void>
         <void method="add">
          <string>uo@do</string>
         </void>
         <void method="add">
          <string>uo@do</string>
         </void>
         <void method="add">
          <string>uo@do</string>
         </void>
        </void>
        <void property="sender">
         <string>radwan@gmail.com</string>
        </void>
       </object>
      </void>
      <void method="add">
       <object class="eg.edu.alexu.csd.oop.email.cs23.demo.Model.EmailManagment.Email" id="Email14">
        <void property="id">
         <int>733</int>
        </void>
        <void property="recievers">
         <void method="add">
          <string>uo@do</string>
         </void>
         <void method="add">
          <string>uo@do</string>
         </void>
         <void method="add">
          <string>uo@do</string>
         </void>
         <void method="add">
          <string>uo@do</string>
         </void>
         <void method="add">
          <string>uo@do</string>
         </void>
         <void method="add">
          <string>uo@do</string>
         </void>
         <void method="add">
          <string>uo@do</string>
         </void>
         <void method="add">
          <string>uo@do</string>
         </void>
         <void method="add">
          <string>uo@do</string>
         </void>
         <void method="add">
          <string>uo@do</string>
         </void>
         <void method="add">
          <string>uo@do</string>
         </void>
         <void method="add">
          <string>uo@do</string>
         </void>
         <void method="add">
          <string>uo@do</string>
         </void>
         <void method="add">
          <string>uo@do</string>
         </void>
         <void method="add">
          <string>uo@do</string>
         </void>
         <void method="add">
          <string>uo@do</string>
         </void>
        </void>
        <void property="sender">
         <string>radwan@gmail.com</string>
        </void>
       </object>
      </void>
      <void method="add">
       <object class="eg.edu.alexu.csd.oop.email.cs23.demo.Model.EmailManagment.Email" id="Email15">
        <void property="id">
         <int>87</int>
        </void>
        <void property="recievers">
         <void method="add">
          <string>uo@do</string>
         </void>
         <void method="add">
          <string>uo@do</string>
         </void>
         <void method="add">
          <string>uo@do</string>
         </void>
         <void method="add">
          <string>uo@do</string>
         </void>
         <void method="add">
          <string>uo@do</string>
         </void>
         <void method="add">
          <string>uo@do</string>
         </void>
         <void method="add">
          <string>uo@do</string>
         </void>
         <void method="add">
          <string>uo@do</string>
         </void>
         <void method="add">
          <string>uo@do</string>
         </void>
         <void method="add">
          <string>uo@do</string>
         </void>
         <void method="add">
          <string>uo@do</string>
         </void>
         <void method="add">
          <string>uo@do</string>
         </void>
         <void method="add">
          <string>uo@do</string>
         </void>
         <void method="add">
          <string>uo@do</string>
         </void>
         <void method="add">
          <string>uo@do</string>
         </void>
         <void method="add">
          <string>uo@do</string>
         </void>
         <void method="add">
          <string>uo@do</string>
         </void>
        </void>
        <void property="sender">
         <string>radwan@gmail.com</string>
        </void>
       </object>
      </void>
      <void method="add">
       <object class="eg.edu.alexu.csd.oop.email.cs23.demo.Model.EmailManagment.Email" id="Email16">
        <void property="id">
         <int>675</int>
        </void>
        <void property="recievers">
         <void method="add">
          <string>uo@do</string>
         </void>
         <void method="add">
          <string>uo@do</string>
         </void>
         <void method="add">
          <string>uo@do</string>
         </void>
         <void method="add">
          <string>uo@do</string>
         </void>
         <void method="add">
          <string>uo@do</string>
         </void>
         <void method="add">
          <string>uo@do</string>
         </void>
         <void method="add">
          <string>uo@do</string>
         </void>
         <void method="add">
          <string>uo@do</string>
         </void>
         <void method="add">
          <string>uo@do</string>
         </void>
         <void method="add">
          <string>uo@do</string>
         </void>
         <void method="add">
          <string>uo@do</string>
         </void>
         <void method="add">
          <string>uo@do</string>
         </void>
         <void method="add">
          <string>uo@do</string>
         </void>
         <void method="add">
          <string>uo@do</string>
         </void>
         <void method="add">
          <string>uo@do</string>
         </void>
         <void method="add">
          <string>uo@do</string>
         </void>
         <void method="add">
          <string>uo@do</string>
         </void>
         <void method="add">
          <string>uo@do</string>
         </void>
        </void>
        <void property="sender">
         <string>radwan@gmail.com</string>
        </void>
       </object>
      </void>
      <void method="add">
       <object class="eg.edu.alexu.csd.oop.email.cs23.demo.Model.EmailManagment.Email" id="Email17">
        <void property="id">
         <int>61</int>
        </void>
        <void property="recievers">
         <void method="add">
          <string>uo@do</string>
         </void>
         <void method="add">
          <string>uo@do</string>
         </void>
         <void method="add">
          <string>uo@do</string>
         </void>
         <void method="add">
          <string>uo@do</string>
         </void>
         <void method="add">
          <string>uo@do</string>
         </void>
         <void method="add">
          <string>uo@do</string>
         </void>
         <void method="add">
          <string>uo@do</string>
         </void>
         <void method="add">
          <string>uo@do</string>
         </void>
         <void method="add">
          <string>uo@do</string>
         </void>
         <void method="add">
          <string>uo@do</string>
         </void>
         <void method="add">
          <string>uo@do</string>
         </void>
         <void method="add">
          <string>uo@do</string>
         </void>
         <void method="add">
          <string>uo@do</string>
         </void>
         <void method="add">
          <string>uo@do</string>
         </void>
         <void method="add">
          <string>uo@do</string>
         </void>
         <void method="add">
          <string>uo@do</string>
         </void>
         <void method="add">
          <string>uo@do</string>
         </void>
         <void method="add">
          <string>uo@do</string>
         </void>
         <void method="add">
          <string>uo@do</string>
         </void>
        </void>
        <void property="sender">
         <string>radwan@gmail.com</string>
        </void>
       </object>
      </void>
      <void method="add">
       <object class="eg.edu.alexu.csd.oop.email.cs23.demo.Model.EmailManagment.Email" id="Email18">
        <void property="id">
         <int>456</int>
        </void>
        <void property="recievers">
         <void method="add">
          <string>uo@do</string>
         </void>
         <void method="add">
          <string>uo@do</string>
         </void>
         <void method="add">
          <string>uo@do</string>
         </void>
         <void method="add">
          <string>uo@do</string>
         </void>
         <void method="add">
          <string>uo@do</string>
         </void>
         <void method="add">
          <string>uo@do</string>
         </void>
         <void method="add">
          <string>uo@do</string>
         </void>
         <void method="add">
          <string>uo@do</string>
         </void>
         <void method="add">
          <string>uo@do</string>
         </void>
         <void method="add">
          <string>uo@do</string>
         </void>
         <void method="add">
          <string>uo@do</string>
         </void>
         <void method="add">
          <string>uo@do</string>
         </void>
         <void method="add">
          <string>uo@do</string>
         </void>
         <void method="add">
          <string>uo@do</string>
         </void>
         <void method="add">
          <string>uo@do</string>
         </void>
         <void method="add">
          <string>uo@do</string>
         </void>
         <void method="add">
          <string>uo@do</string>
         </void>
         <void method="add">
          <string>uo@do</string>
         </void>
         <void method="add">
          <string>uo@do</string>
         </void>
         <void method="add">
          <string>uo@do</string>
         </void>
        </void>
        <void property="sender">
         <string>radwan@gmail.com</string>
        </void>
       </object>
      </void>
      <void method="add">
       <object class="eg.edu.alexu.csd.oop.email.cs23.demo.Model.EmailManagment.Email" id="Email19">
        <void property="id">
         <int>981</int>
        </void>
        <void property="recievers">
         <void method="add">
          <string>uo@do</string>
         </void>
         <void method="add">
          <string>uo@do</string>
         </void>
         <void method="add">
          <string>uo@do</string>
         </void>
         <void method="add">
          <string>uo@do</string>
         </void>
         <void method="add">
          <string>uo@do</string>
         </void>
         <void method="add">
          <string>uo@do</string>
         </void>
         <void method="add">
          <string>uo@do</string>
         </void>
         <void method="add">
          <string>uo@do</string>
         </void>
         <void method="add">
          <string>uo@do</string>
         </void>
         <void method="add">
          <string>uo@do</string>
         </void>
         <void method="add">
          <string>uo@do</string>
         </void>
         <void method="add">
          <string>uo@do</string>
         </void>
         <void method="add">
          <string>uo@do</string>
         </void>
         <void method="add">
          <string>uo@do</string>
         </void>
         <void method="add">
          <string>uo@do</string>
         </void>
         <void method="add">
          <string>uo@do</string>
         </void>
         <void method="add">
          <string>uo@do</string>
         </void>
         <void method="add">
          <string>uo@do</string>
         </void>
         <void method="add">
          <string>uo@do</string>
         </void>
         <void method="add">
          <string>uo@do</string>
         </void>
         <void method="add">
          <string>uo@do</string>
         </void>
        </void>
        <void property="sender">
         <string>radwan@gmail.com</string>
        </void>
       </object>
      </void>
      <void method="add">
       <object class="eg.edu.alexu.csd.oop.email.cs23.demo.Model.EmailManagment.Email" id="Email20">
        <void property="id">
         <int>734</int>
        </void>
        <void property="recievers">
         <void method="add">
          <string>uo@do</string>
         </void>
         <void method="add">
          <string>uo@do</string>
         </void>
         <void method="add">
          <string>uo@do</string>
         </void>
         <void method="add">
          <string>uo@do</string>
         </void>
         <void method="add">
          <string>uo@do</string>
         </void>
         <void method="add">
          <string>uo@do</string>
         </void>
         <void method="add">
          <string>uo@do</string>
         </void>
         <void method="add">
          <string>uo@do</string>
         </void>
         <void method="add">
          <string>uo@do</string>
         </void>
         <void method="add">
          <string>uo@do</string>
         </void>
         <void method="add">
          <string>uo@do</string>
         </void>
         <void method="add">
          <string>uo@do</string>
         </void>
         <void method="add">
          <string>uo@do</string>
         </void>
         <void method="add">
          <string>uo@do</string>
         </void>
         <void method="add">
          <string>uo@do</string>
         </void>
         <void method="add">
          <string>uo@do</string>
         </void>
         <void method="add">
          <string>uo@do</string>
         </void>
         <void method="add">
          <string>uo@do</string>
         </void>
         <void method="add">
          <string>uo@do</string>
         </void>
         <void method="add">
          <string>uo@do</string>
         </void>
         <void method="add">
          <string>uo@do</string>
         </void>
         <void method="add">
          <string>uo@do</string>
         </void>
        </void>
        <void property="sender">
         <string>radwan@gmail.com</string>
        </void>
       </object>
      </void>
      <void method="add">
       <object class="eg.edu.alexu.csd.oop.email.cs23.demo.Model.EmailManagment.Email" id="Email21">
        <void property="id">
         <int>182</int>
        </void>
        <void property="recievers">
         <void method="add">
          <string>uo@do</string>
         </void>
         <void method="add">
          <string>uo@do</string>
         </void>
         <void method="add">
          <string>uo@do</string>
         </void>
         <void method="add">
          <string>uo@do</string>
         </void>
         <void method="add">
          <string>uo@do</string>
         </void>
         <void method="add">
          <string>uo@do</string>
         </void>
         <void method="add">
          <string>uo@do</string>
         </void>
         <void method="add">
          <string>uo@do</string>
         </void>
         <void method="add">
          <string>uo@do</string>
         </void>
         <void method="add">
          <string>uo@do</string>
         </void>
         <void method="add">
          <string>uo@do</string>
         </void>
         <void method="add">
          <string>uo@do</string>
         </void>
         <void method="add">
          <string>uo@do</string>
         </void>
         <void method="add">
          <string>uo@do</string>
         </void>
         <void method="add">
          <string>uo@do</string>
         </void>
         <void method="add">
          <string>uo@do</string>
         </void>
         <void method="add">
          <string>uo@do</string>
         </void>
         <void method="add">
          <string>uo@do</string>
         </void>
         <void method="add">
          <string>uo@do</string>
         </void>
         <void method="add">
          <string>uo@do</string>
         </void>
         <void method="add">
          <string>uo@do</string>
         </void>
         <void method="add">
          <string>uo@do</string>
         </void>
         <void method="add">
          <string>uo@do</string>
         </void>
        </void>
        <void property="sender">
         <string>radwan@gmail.com</string>
        </void>
       </object>
      </void>
      <void method="add">
       <object class="eg.edu.alexu.csd.oop.email.cs23.demo.Model.EmailManagment.Email" id="Email22">
        <void property="id">
         <int>463</int>
        </void>
        <void property="recievers">
         <void method="add">
          <string>uo@do</string>
         </void>
         <void method="add">
          <string>uo@do</string>
         </void>
         <void method="add">
          <string>uo@do</string>
         </void>
         <void method="add">
          <string>uo@do</string>
         </void>
         <void method="add">
          <string>uo@do</string>
         </void>
         <void method="add">
          <string>uo@do</string>
         </void>
         <void method="add">
          <string>uo@do</string>
         </void>
         <void method="add">
          <string>uo@do</string>
         </void>
         <void method="add">
          <string>uo@do</string>
         </void>
         <void method="add">
          <string>uo@do</string>
         </void>
         <void method="add">
          <string>uo@do</string>
         </void>
         <void method="add">
          <string>uo@do</string>
         </void>
         <void method="add">
          <string>uo@do</string>
         </void>
         <void method="add">
          <string>uo@do</string>
         </void>
         <void method="add">
          <string>uo@do</string>
         </void>
         <void method="add">
          <string>uo@do</string>
         </void>
         <void method="add">
          <string>uo@do</string>
         </void>
         <void method="add">
          <string>uo@do</string>
         </void>
         <void method="add">
          <string>uo@do</string>
         </void>
         <void method="add">
          <string>uo@do</string>
         </void>
         <void method="add">
          <string>uo@do</string>
         </void>
         <void method="add">
          <string>uo@do</string>
         </void>
         <void method="add">
          <string>uo@do</string>
         </void>
         <void method="add">
          <string>uo@do</string>
         </void>
        </void>
        <void property="sender">
         <string>radwan@gmail.com</string>
        </void>
       </object>
      </void>
      <void method="add">
       <object class="eg.edu.alexu.csd.oop.email.cs23.demo.Model.EmailManagment.Email" id="Email23">
        <void property="id">
         <int>571</int>
        </void>
        <void property="recievers">
         <void method="add">
          <string>uo@do</string>
         </void>
         <void method="add">
          <string>uo@do</string>
         </void>
         <void method="add">
          <string>uo@do</string>
         </void>
         <void method="add">
          <string>uo@do</string>
         </void>
         <void method="add">
          <string>uo@do</string>
         </void>
         <void method="add">
          <string>uo@do</string>
         </void>
         <void method="add">
          <string>uo@do</string>
         </void>
         <void method="add">
          <string>uo@do</string>
         </void>
         <void method="add">
          <string>uo@do</string>
         </void>
         <void method="add">
          <string>uo@do</string>
         </void>
         <void method="add">
          <string>uo@do</string>
         </void>
         <void method="add">
          <string>uo@do</string>
         </void>
         <void method="add">
          <string>uo@do</string>
         </void>
         <void method="add">
          <string>uo@do</string>
         </void>
         <void method="add">
          <string>uo@do</string>
         </void>
         <void method="add">
          <string>uo@do</string>
         </void>
         <void method="add">
          <string>uo@do</string>
         </void>
         <void method="add">
          <string>uo@do</string>
         </void>
         <void method="add">
          <string>uo@do</string>
         </void>
         <void method="add">
          <string>uo@do</string>
         </void>
         <void method="add">
          <string>uo@do</string>
         </void>
         <void method="add">
          <string>uo@do</string>
         </void>
         <void method="add">
          <string>uo@do</string>
         </void>
         <void method="add">
          <string>uo@do</string>
         </void>
         <void method="add">
          <string>uo@do</string>
         </void>
        </void>
        <void property="sender">
         <string>radwan@gmail.com</string>
        </void>
       </object>
      </void>
      <void method="add">
       <object class="eg.edu.alexu.csd.oop.email.cs23.demo.Model.EmailManagment.Email" id="Email24">
        <void property="id">
         <int>142</int>
        </void>
        <void property="recievers">
         <void method="add">
          <string>uo@do</string>
         </void>
         <void method="add">
          <string>uo@do</string>
         </void>
         <void method="add">
          <string>uo@do</string>
         </void>
         <void method="add">
          <string>uo@do</string>
         </void>
         <void method="add">
          <string>uo@do</string>
         </void>
         <void method="add">
          <string>uo@do</string>
         </void>
         <void method="add">
          <string>uo@do</string>
         </void>
         <void method="add">
          <string>uo@do</string>
         </void>
         <void method="add">
          <string>uo@do</string>
         </void>
         <void method="add">
          <string>uo@do</string>
         </void>
         <void method="add">
          <string>uo@do</string>
         </void>
         <void method="add">
          <string>uo@do</string>
         </void>
         <void method="add">
          <string>uo@do</string>
         </void>
         <void method="add">
          <string>uo@do</string>
         </void>
         <void method="add">
          <string>uo@do</string>
         </void>
         <void method="add">
          <string>uo@do</string>
         </void>
         <void method="add">
          <string>uo@do</string>
         </void>
         <void method="add">
          <string>uo@do</string>
         </void>
         <void method="add">
          <string>uo@do</string>
         </void>
         <void method="add">
          <string>uo@do</string>
         </void>
         <void method="add">
          <string>uo@do</string>
         </void>
         <void method="add">
          <string>uo@do</string>
         </void>
         <void method="add">
          <string>uo@do</string>
         </void>
         <void method="add">
          <string>uo@do</string>
         </void>
         <void method="add">
          <string>uo@do</string>
         </void>
         <void method="add">
          <string>uo@do</string>
         </void>
        </void>
        <void property="sender">
         <string>radwan@gmail.com</string>
        </void>
       </object>
      </void>
     </void>
     <void property="name">
      <string>defaultInbox</string>
     </void>
     <void property="path">
      <string>C:\Users\mrrad\IdeaProjects\eg.edu.alexu.csd.oop.email.cs23\users\uo@do\defaultInbox</string>
     </void>
    </object>
   </void>
   <void method="add">
    <object class="eg.edu.alexu.csd.oop.email.cs23.demo.Model.UserManagment.Folder">
     <void property="name">
      <string>priorityInbox</string>
     </void>
     <void property="path">
      <string>C:\Users\mrrad\IdeaProjects\eg.edu.alexu.csd.oop.email.cs23\users\uo@do\priorityInbox</string>
     </void>
    </object>
   </void>
   <void method="add">
    <object class="eg.edu.alexu.csd.oop.email.cs23.demo.Model.UserManagment.Folder">
     <void property="name">
      <string>trash</string>
     </void>
     <void property="path">
      <string>C:\Users\mrrad\IdeaProjects\eg.edu.alexu.csd.oop.email.cs23\users\uo@do\trash</string>
     </void>
    </object>
   </void>
   <void method="add">
    <object class="eg.edu.alexu.csd.oop.email.cs23.demo.Model.UserManagment.Folder">
     <void property="name">
      <string>drafts</string>
     </void>
     <void property="path">
      <string>C:\Users\mrrad\IdeaProjects\eg.edu.alexu.csd.oop.email.cs23\users\uo@do\drafts</string>
     </void>
    </object>
   </void>
   <void method="add">
    <object class="eg.edu.alexu.csd.oop.email.cs23.demo.Model.UserManagment.Folder">
     <void property="name">
      <string>sentEmails</string>
     </void>
     <void property="path">
      <string>C:\Users\mrrad\IdeaProjects\eg.edu.alexu.csd.oop.email.cs23\users\uo@do\sentEmails</string>
     </void>
    </object>
   </void>
  </void>
  <void property="emailAddress">
   <string>uo@do</string>
  </void>
  <void property="passWord">
   <string>46</string>
  </void>
  <void property="userName">
   <string>ahmed</string>
  </void>
 </object>
</java>
