<?xml version="1.0" encoding="UTF-8"?>
<java version="14.0.2" class="java.beans.XMLDecoder">
 <object class="eg.edu.alexu.csd.oop.email.cs23.demo.Model.UserManagment.User" id="User0">
  <void property="defaultFolders">
   <void method="add">
    <object class="eg.edu.alexu.csd.oop.email.cs23.demo.Model.UserManagment.Folder">
     <void property="name">
      <string>defaultInbox</string>
     </void>
     <void property="path">
      <string>E:\fall 2021\first term\oop\Assignments\train\eg.edu.alexu.csd.oop.email.cs23\users\Gomaaawy@gmail.com\defaultInbox</string>
     </void>
    </object>
   </void>
   <void method="add">
    <object class="eg.edu.alexu.csd.oop.email.cs23.demo.Model.UserManagment.Folder">
     <void property="name">
      <string>priorityInbox</string>
     </void>
     <void property="path">
      <string>E:\fall 2021\first term\oop\Assignments\train\eg.edu.alexu.csd.oop.email.cs23\users\Gomaaawy@gmail.com\priorityInbox</string>
     </void>
    </object>
   </void>
   <void method="add">
    <object class="eg.edu.alexu.csd.oop.email.cs23.demo.Model.UserManagment.Folder">
     <void property="name">
      <string>trash</string>
     </void>
     <void property="path">
      <string>E:\fall 2021\first term\oop\Assignments\train\eg.edu.alexu.csd.oop.email.cs23\users\Gomaaawy@gmail.com\trash</string>
     </void>
    </object>
   </void>
   <void method="add">
    <object class="eg.edu.alexu.csd.oop.email.cs23.demo.Model.UserManagment.Folder" id="Folder0">
     <void property="emailsList">
      <void method="add">
       <null/>
      </void>
      <void method="add">
       <null/>
      </void>
      <void method="add">
       <null/>
      </void>
      <void method="add">
       <null/>
      </void>
      <void method="add">
       <null/>
      </void>
     </void>
     <void property="name">
      <string>drafts</string>
     </void>
     <void property="path">
      <string>E:\fall 2021\first term\oop\Assignments\train\eg.edu.alexu.csd.oop.email.cs23\users\Gomaaawy@gmail.com\drafts</string>
     </void>
    </object>
   </void>
   <void method="add">
    <object class="eg.edu.alexu.csd.oop.email.cs23.demo.Model.UserManagment.Folder">
     <void property="name">
      <string>sentEmails</string>
     </void>
     <void property="path">
      <string>E:\fall 2021\first term\oop\Assignments\train\eg.edu.alexu.csd.oop.email.cs23\users\Gomaaawy@gmail.com\sentEmails</string>
     </void>
    </object>
   </void>
  </void>
  <void property="emailAddress">
   <string>Gomaaawy@gmail.com</string>
  </void>
  <void property="passWord">
   <string>sdjhhhfk</string>
  </void>
  <void property="userName">
   <string>Gomaa12</string>
  </void>
 </object>
</java>
